path,type,source,author,license,generation_command,sha256
templates/hd2d_wuxia/README.md,文档,仓库手写,DSEngine Authors,Apache-2.0,（文档）,808fb75bf5731a558668fd1b61897dfe0dadf35ef28119e7482023a232c89492
templates/hd2d_wuxia/assets/audio/bgm_battle.wav,音频素材 WAV,gen_audio.py,DSEngine Authors,Apache-2.0,G1,cb9e01c986eefcb64287bcdb5b5ec61150cbacf36e4ace5f14306985879da942
templates/hd2d_wuxia/assets/audio/bgm_boss.wav,音频素材 WAV,gen_audio.py,DSEngine Authors,Apache-2.0,G1,6213c72e6a23b0e2185186156f87c9dd9f60344570548b92fd74233f5b111e31
templates/hd2d_wuxia/assets/audio/bgm_field.wav,音频素材 WAV,gen_audio.py,DSEngine Authors,Apache-2.0,G1,334d5839db21c5919b3084acb0a384192892b80d3c5f6d9fe9a3db2ea1ef6930
templates/hd2d_wuxia/assets/audio/bgm_title.wav,音频素材 WAV,gen_audio.py,DSEngine Authors,Apache-2.0,G1,62bc6c1cf9c9c4fe31060b1f09df86eba59d6bb9ef1f0e5090a82fb17ee73219
templates/hd2d_wuxia/assets/audio/sfx_coin_use.wav,音频素材 WAV,gen_audio.py,DSEngine Authors,Apache-2.0,G1,fd9963aee732bd84e3dc5db1bdfdb05081251381f6f8c57662efcd2236d4d3bb
templates/hd2d_wuxia/assets/audio/sfx_crit.wav,音频素材 WAV,gen_audio.py,DSEngine Authors,Apache-2.0,G1,d179f23b4b33d02af088ff6786b8c35e34b821967e43f5269afe8ad6c7a20e0b
templates/hd2d_wuxia/assets/audio/sfx_die.wav,音频素材 WAV,gen_audio.py,DSEngine Authors,Apache-2.0,G1,7db2b2f3152af2f8eddd5b9d717dd6cc201b94ff6dd2f15777dbcbaec7a568ef
templates/hd2d_wuxia/assets/audio/sfx_dodge.wav,音频素材 WAV,gen_audio.py,DSEngine Authors,Apache-2.0,G1,eb3080e1599fd917f537fac293bf9d1941f5eb15ef4bc3c6903e8e4ef0caf15f
templates/hd2d_wuxia/assets/audio/sfx_gate.wav,音频素材 WAV,gen_audio.py,DSEngine Authors,Apache-2.0,G1,20e2fdbf09c43ebe7863977fb5142332a40f7f1a5bdbed4b70d1a0f106001f9a
templates/hd2d_wuxia/assets/audio/sfx_heal.wav,音频素材 WAV,gen_audio.py,DSEngine Authors,Apache-2.0,G1,c95f20dbdb2e7584e0708a17e8b6f4f943276106706ca2840507db1fb08d37f4
templates/hd2d_wuxia/assets/audio/sfx_hit.wav,音频素材 WAV,gen_audio.py,DSEngine Authors,Apache-2.0,G1,cb223ac80071c7af75a3bcd2e1df0bfa94d3bcc1dde86c18ac5f0ef9137d3f95
templates/hd2d_wuxia/assets/audio/sfx_levelup.wav,音频素材 WAV,gen_audio.py,DSEngine Authors,Apache-2.0,G1,2b5c85a21eeec918d50458381685db12ebd4635c017209a4f5b1caa2ca3454e5
templates/hd2d_wuxia/assets/audio/sfx_pickup.wav,音频素材 WAV,gen_audio.py,DSEngine Authors,Apache-2.0,G1,4b7e72966f07c6c38efa07c79f00ee13dd07326539997d85f6dec10cfa451e6b
templates/hd2d_wuxia/assets/audio/sfx_skill.wav,音频素材 WAV,gen_audio.py,DSEngine Authors,Apache-2.0,G1,66c789ceb3ea034961a347518c7b1e3a039610b5a5e40bf5bac9b5e98f55aae3
templates/hd2d_wuxia/assets/audio/sfx_slash.wav,音频素材 WAV,gen_audio.py,DSEngine Authors,Apache-2.0,G1,b7409ac8b2f4b288766f82a4b989aca2801d2c1dcd04360d1e832552d026bf37
templates/hd2d_wuxia/assets/audio/sfx_talk.wav,音频素材 WAV,gen_audio.py,DSEngine Authors,Apache-2.0,G1,be55f3e7232b0c2262dcefdc9e8e0b66a30caacf42becf38ef4ee4ac1a8fd205
templates/hd2d_wuxia/assets/audio/sfx_ui.wav,音频素材 WAV,gen_audio.py,DSEngine Authors,Apache-2.0,G1,bddc8bddbbf834a76f02c3b0af0ff8264b6cbae7a0e47468023192fbc268d684
templates/hd2d_wuxia/assets/char/hero/hero_d_attack_0.png,角色/敌人/NPC/FX 序列帧 PNG,generate_assets.py + gen_lib.py,DSEngine Authors,Apache-2.0,G1,f8af143deeb9a6589fcbc61d92d2bc7c9865ad1a24b74603304f4aa99d4ba6ff
templates/hd2d_wuxia/assets/char/hero/hero_d_attack_1.png,角色/敌人/NPC/FX 序列帧 PNG,generate_assets.py + gen_lib.py,DSEngine Authors,Apache-2.0,G1,711e4d3464f984dd9bc91e1159b1b7bb5d8146085ee21b778f2a54d0e1898f00
templates/hd2d_wuxia/assets/char/hero/hero_d_attack_2.png,角色/敌人/NPC/FX 序列帧 PNG,generate_assets.py + gen_lib.py,DSEngine Authors,Apache-2.0,G1,1ad5b2584b26df92900c65f999e5e6336c04dd529fe4da104694a2a1a749030c
templates/hd2d_wuxia/assets/char/hero/hero_d_attack_3.png,角色/敌人/NPC/FX 序列帧 PNG,generate_assets.py + gen_lib.py,DSEngine Authors,Apache-2.0,G1,69ca58dfd85b5c734567317bea3f4ad1e2fa3765da7cdc61ef6e7d5530d30a66
templates/hd2d_wuxia/assets/char/hero/hero_d_attack_4.png,角色/敌人/NPC/FX 序列帧 PNG,generate_assets.py + gen_lib.py,DSEngine Authors,Apache-2.0,G1,97bb604891a0c6662b82a346f8381306e799a5b85f1d9f41fce59aa8f8efc17e
templates/hd2d_wuxia/assets/char/hero/hero_d_attack_atlas.dsprite.json,图集描述/图集 PNG,gen_atlases.py,DSEngine Authors,Apache-2.0,G3,ac190330c00a6af04c3e90fa5f1c105528fa6d20f4e57eb2fc9ce0593dc29191
templates/hd2d_wuxia/assets/char/hero/hero_d_attack_atlas.png,图集描述/图集 PNG,gen_atlases.py,DSEngine Authors,Apache-2.0,G3,069c29ede27404db7e4bbe650dd4a279c57755fe93127ea64fda058dc82730c2
templates/hd2d_wuxia/assets/char/hero/hero_d_cast_0.png,角色/敌人/NPC/FX 序列帧 PNG,generate_assets.py + gen_lib.py,DSEngine Authors,Apache-2.0,G1,fa258eab9f7f86f30c3fb9351fab0c62b58901b9b0a29d0473752a965aeb01a7
templates/hd2d_wuxia/assets/char/hero/hero_d_cast_1.png,角色/敌人/NPC/FX 序列帧 PNG,generate_assets.py + gen_lib.py,DSEngine Authors,Apache-2.0,G1,fa258eab9f7f86f30c3fb9351fab0c62b58901b9b0a29d0473752a965aeb01a7
templates/hd2d_wuxia/assets/char/hero/hero_d_cast_2.png,角色/敌人/NPC/FX 序列帧 PNG,generate_assets.py + gen_lib.py,DSEngine Authors,Apache-2.0,G1,84b046afa5c291d460a70126e85a4af621c1d1d1caaff7e35e8c6586415797c1
templates/hd2d_wuxia/assets/char/hero/hero_d_cast_3.png,角色/敌人/NPC/FX 序列帧 PNG,generate_assets.py + gen_lib.py,DSEngine Authors,Apache-2.0,G1,84b046afa5c291d460a70126e85a4af621c1d1d1caaff7e35e8c6586415797c1
templates/hd2d_wuxia/assets/char/hero/hero_d_cast_4.png,角色/敌人/NPC/FX 序列帧 PNG,generate_assets.py + gen_lib.py,DSEngine Authors,Apache-2.0,G1,fa258eab9f7f86f30c3fb9351fab0c62b58901b9b0a29d0473752a965aeb01a7
templates/hd2d_wuxia/assets/char/hero/hero_d_cast_atlas.dsprite.json,图集描述/图集 PNG,gen_atlases.py,DSEngine Authors,Apache-2.0,G3,b74846b7f9a8f3f2c2d4c7aa2a87444c44b471d919172c46b9b0020e83fbfc36
templates/hd2d_wuxia/assets/char/hero/hero_d_cast_atlas.png,图集描述/图集 PNG,gen_atlases.py,DSEngine Authors,Apache-2.0,G3,61ab8e3e8d6cada8bcc647a0eb7d145333c454992ae2038a92d3c9277c20ef1b
templates/hd2d_wuxia/assets/char/hero/hero_d_die_0.png,角色/敌人/NPC/FX 序列帧 PNG,generate_assets.py + gen_lib.py,DSEngine Authors,Apache-2.0,G1,d9030fa4c51d5fecf199c3fd123b423bc7e8124b33a50b07862056a45b80eab5
templates/hd2d_wuxia/assets/char/hero/hero_d_die_1.png,角色/敌人/NPC/FX 序列帧 PNG,generate_assets.py + gen_lib.py,DSEngine Authors,Apache-2.0,G1,bcb48da8e54a66e27d79715ee2722140b97adc119cc3eb2e4bb1d5b7d75e9e17
templates/hd2d_wuxia/assets/char/hero/hero_d_die_2.png,角色/敌人/NPC/FX 序列帧 PNG,generate_assets.py + gen_lib.py,DSEngine Authors,Apache-2.0,G1,fe5a1e30bcb241e2e1942d08823d32ac9e4782232cb770642c9c57f79f9e29a3
templates/hd2d_wuxia/assets/char/hero/hero_d_die_3.png,角色/敌人/NPC/FX 序列帧 PNG,generate_assets.py + gen_lib.py,DSEngine Authors,Apache-2.0,G1,f8f7f2813bce30b978b3eadd37acf23126f1513ea96601e4b452456846ac59f3
templates/hd2d_wuxia/assets/char/hero/hero_d_die_4.png,角色/敌人/NPC/FX 序列帧 PNG,generate_assets.py + gen_lib.py,DSEngine Authors,Apache-2.0,G1,29c0f6676387b24feb7b0aa244548a082b4af2b5eb032696bc8365c93ca74c50
templates/hd2d_wuxia/assets/char/hero/hero_d_die_atlas.dsprite.json,图集描述/图集 PNG,gen_atlases.py,DSEngine Authors,Apache-2.0,G3,28f1a13e42858dfcf7604a1f08258718d9531c8b48e5e32c1e9017aab96600ef
templates/hd2d_wuxia/assets/char/hero/hero_d_die_atlas.png,图集描述/图集 PNG,gen_atlases.py,DSEngine Authors,Apache-2.0,G3,4c4be3a43bc36c93921b4e7a2d04f9e5382c5d7c40caa3f4d3415a263c926303
templates/hd2d_wuxia/assets/char/hero/hero_d_dodge_0.png,角色/敌人/NPC/FX 序列帧 PNG,generate_assets.py + gen_lib.py,DSEngine Authors,Apache-2.0,G1,8566582f6d1e3f6d1a7ea47ecde1ab8147f67614a99fec454af4b8be5b02f22d
templates/hd2d_wuxia/assets/char/hero/hero_d_dodge_1.png,角色/敌人/NPC/FX 序列帧 PNG,generate_assets.py + gen_lib.py,DSEngine Authors,Apache-2.0,G1,f6c62b9e181367345530d8fc065de70243610c121a953aa626f08efcefec9e1a
templates/hd2d_wuxia/assets/char/hero/hero_d_dodge_2.png,角色/敌人/NPC/FX 序列帧 PNG,generate_assets.py + gen_lib.py,DSEngine Authors,Apache-2.0,G1,0c92b045cf7b6762b2dcfb6a3e1b37fccdcedf9ca0d9f2b3de37abe6183f4f80
templates/hd2d_wuxia/assets/char/hero/hero_d_dodge_3.png,角色/敌人/NPC/FX 序列帧 PNG,generate_assets.py + gen_lib.py,DSEngine Authors,Apache-2.0,G1,94b3566acbbff57850a577d0e2d20d595f15cd21e75eaa476d0d8f4714ebc336
templates/hd2d_wuxia/assets/char/hero/hero_d_dodge_atlas.dsprite.json,图集描述/图集 PNG,gen_atlases.py,DSEngine Authors,Apache-2.0,G3,c110e7a775f7f4afe7d7cbfdc6fec5b786221a369d2eeb8e4653095e2794a628
templates/hd2d_wuxia/assets/char/hero/hero_d_dodge_atlas.png,图集描述/图集 PNG,gen_atlases.py,DSEngine Authors,Apache-2.0,G3,0438cecf441cf40c4d0d5e415d609bacac7545b6bd77f7bd4b0ad6105dd3ce7a
templates/hd2d_wuxia/assets/char/hero/hero_d_hurt_0.png,角色/敌人/NPC/FX 序列帧 PNG,generate_assets.py + gen_lib.py,DSEngine Authors,Apache-2.0,G1,cfa807e90b6deb5c84715698b9cd466599593037d02c67f69c51d9b9434ec696
templates/hd2d_wuxia/assets/char/hero/hero_d_hurt_1.png,角色/敌人/NPC/FX 序列帧 PNG,generate_assets.py + gen_lib.py,DSEngine Authors,Apache-2.0,G1,cfa807e90b6deb5c84715698b9cd466599593037d02c67f69c51d9b9434ec696
templates/hd2d_wuxia/assets/char/hero/hero_d_hurt_atlas.dsprite.json,图集描述/图集 PNG,gen_atlases.py,DSEngine Authors,Apache-2.0,G3,7d1863b81de530dd11047e645b0ab562371542801ed62eaffdd201f6570948b2
templates/hd2d_wuxia/assets/char/hero/hero_d_hurt_atlas.png,图集描述/图集 PNG,gen_atlases.py,DSEngine Authors,Apache-2.0,G3,d46a0272de0e71ec877cef70a315eaa9c56f1562e5d3ef5312bae4be86076483
templates/hd2d_wuxia/assets/char/hero/hero_d_idle_0.png,角色/敌人/NPC/FX 序列帧 PNG,generate_assets.py + gen_lib.py,DSEngine Authors,Apache-2.0,G1,0ef43b0c99da497abc67c1b38bdebbf03bbe15f3b7dd259f4725305c343d72e6
templates/hd2d_wuxia/assets/char/hero/hero_d_idle_1.png,角色/敌人/NPC/FX 序列帧 PNG,generate_assets.py + gen_lib.py,DSEngine Authors,Apache-2.0,G1,b047cc5e83e7a2cbf713b4eab0f334575d1f7d4e08bf9fe7036ddc8de6252172
templates/hd2d_wuxia/assets/char/hero/hero_d_idle_2.png,角色/敌人/NPC/FX 序列帧 PNG,generate_assets.py + gen_lib.py,DSEngine Authors,Apache-2.0,G1,0ef43b0c99da497abc67c1b38bdebbf03bbe15f3b7dd259f4725305c343d72e6
templates/hd2d_wuxia/assets/char/hero/hero_d_idle_3.png,角色/敌人/NPC/FX 序列帧 PNG,generate_assets.py + gen_lib.py,DSEngine Authors,Apache-2.0,G1,b047cc5e83e7a2cbf713b4eab0f334575d1f7d4e08bf9fe7036ddc8de6252172
templates/hd2d_wuxia/assets/char/hero/hero_d_idle_atlas.dsprite.json,图集描述/图集 PNG,gen_atlases.py,DSEngine Authors,Apache-2.0,G3,764a0b8874784828d9f11b7fec7a5bb811d6b765e012a6d73ed8714b8245ce94
templates/hd2d_wuxia/assets/char/hero/hero_d_idle_atlas.png,图集描述/图集 PNG,gen_atlases.py,DSEngine Authors,Apache-2.0,G3,280afdc6c9ae55e3933ce55e8416a8f5db888e97cc408cbf5d97d98163a9b105
templates/hd2d_wuxia/assets/char/hero/hero_d_walk.dsprite.json,手写/测试 .dsprite.json,仓库手写测试资产,DSEngine Authors,Apache-2.0,（手写/测试资产）,3c6254d94457ec649ffff37c6d14d9c76a3f2efe06da6254e2627b9991c88391
templates/hd2d_wuxia/assets/char/hero/hero_d_walk_0.png,角色/敌人/NPC/FX 序列帧 PNG,generate_assets.py + gen_lib.py,DSEngine Authors,Apache-2.0,G1,ff151c92b2ea760646aee45e03c6072385de43eb2f984c302dd5dee7b13cd41a
templates/hd2d_wuxia/assets/char/hero/hero_d_walk_1.png,角色/敌人/NPC/FX 序列帧 PNG,generate_assets.py + gen_lib.py,DSEngine Authors,Apache-2.0,G1,24b4105d18f2e3a0a9a8f5cd8e62bcd7ceaf84b1b728d1ca0a8b7c526ca63949
templates/hd2d_wuxia/assets/char/hero/hero_d_walk_2.png,角色/敌人/NPC/FX 序列帧 PNG,generate_assets.py + gen_lib.py,DSEngine Authors,Apache-2.0,G1,24b4105d18f2e3a0a9a8f5cd8e62bcd7ceaf84b1b728d1ca0a8b7c526ca63949
templates/hd2d_wuxia/assets/char/hero/hero_d_walk_3.png,角色/敌人/NPC/FX 序列帧 PNG,generate_assets.py + gen_lib.py,DSEngine Authors,Apache-2.0,G1,ff151c92b2ea760646aee45e03c6072385de43eb2f984c302dd5dee7b13cd41a
templates/hd2d_wuxia/assets/char/hero/hero_d_walk_4.png,角色/敌人/NPC/FX 序列帧 PNG,generate_assets.py + gen_lib.py,DSEngine Authors,Apache-2.0,G1,1c4602b00914ba1ea932b6230d40816b444d5b83e140c040ec0133e3bb6593fc
templates/hd2d_wuxia/assets/char/hero/hero_d_walk_5.png,角色/敌人/NPC/FX 序列帧 PNG,generate_assets.py + gen_lib.py,DSEngine Authors,Apache-2.0,G1,1c4602b00914ba1ea932b6230d40816b444d5b83e140c040ec0133e3bb6593fc
templates/hd2d_wuxia/assets/char/hero/hero_d_walk_atlas.dsprite.json,图集描述/图集 PNG,gen_atlases.py,DSEngine Authors,Apache-2.0,G3,7ed1415323f1274c7072ae02c2cc6d7fd7cdb21b03e59ac974784d45997c0ba5
templates/hd2d_wuxia/assets/char/hero/hero_d_walk_atlas.png,图集描述/图集 PNG,gen_atlases.py,DSEngine Authors,Apache-2.0,G3,d7cc6989dc14748cf820077e388325b567ba3512ce6322efe1dce78c28f60f69
templates/hd2d_wuxia/assets/char/hero/hero_d_walk_emissive.png,角色/敌人/NPC/FX 序列帧 PNG,generate_assets.py + gen_lib.py,DSEngine Authors,Apache-2.0,G1,6e841bcd6737f75d6d19f8b9e409c3e15bb9f1a2a20b0dd8d64b89cdbfcbf689
templates/hd2d_wuxia/assets/char/hero/hero_d_walk_m3.dsprite.json,手写/测试 .dsprite.json,仓库手写测试资产,DSEngine Authors,Apache-2.0,（手写/测试资产）,ccce2391398fdb14de34d3ca9db3a9341c2d026cf3342def22735cc0579e9e2a
templates/hd2d_wuxia/assets/char/hero/hero_d_walk_normal.png,角色/敌人/NPC/FX 序列帧 PNG,generate_assets.py + gen_lib.py,DSEngine Authors,Apache-2.0,G1,9d4b1121a411464c9392df11239761be1bc8edfd7a857e1e87c89c1cee9faa88
templates/hd2d_wuxia/assets/char/hero/hero_l_attack_0.png,角色/敌人/NPC/FX 序列帧 PNG,generate_assets.py + gen_lib.py,DSEngine Authors,Apache-2.0,G1,8c5bedee2b1f4145b9ee241602cc3043744c6f656fd8929bd15ae62262d2158e
templates/hd2d_wuxia/assets/char/hero/hero_l_attack_1.png,角色/敌人/NPC/FX 序列帧 PNG,generate_assets.py + gen_lib.py,DSEngine Authors,Apache-2.0,G1,578b8afdc418cdbc7edd280b056760d07859011b68949d0431e7ba997c4ea485
templates/hd2d_wuxia/assets/char/hero/hero_l_attack_2.png,角色/敌人/NPC/FX 序列帧 PNG,generate_assets.py + gen_lib.py,DSEngine Authors,Apache-2.0,G1,dced5bf6e1c8ac62f72469189c78dafe7da97227d7ba08101febf1fd67eed9ea
templates/hd2d_wuxia/assets/char/hero/hero_l_attack_3.png,角色/敌人/NPC/FX 序列帧 PNG,generate_assets.py + gen_lib.py,DSEngine Authors,Apache-2.0,G1,e96a94beb9c47b4827dc42cee8a106a45c26442f37adf9fff9ed82c7787fbe61
templates/hd2d_wuxia/assets/char/hero/hero_l_attack_4.png,角色/敌人/NPC/FX 序列帧 PNG,generate_assets.py + gen_lib.py,DSEngine Authors,Apache-2.0,G1,7f64690b535a0ec7cab020686558b352769a70ccdea628dbb44f736aa0e70d7c
templates/hd2d_wuxia/assets/char/hero/hero_l_attack_atlas.dsprite.json,图集描述/图集 PNG,gen_atlases.py,DSEngine Authors,Apache-2.0,G3,59bf8e1840b8ed72ab1a0409c44c40fbe025c202261e5735ca385cac2984918f
templates/hd2d_wuxia/assets/char/hero/hero_l_attack_atlas.png,图集描述/图集 PNG,gen_atlases.py,DSEngine Authors,Apache-2.0,G3,18905cf564bc8cf8045656829ed69c74b8fb584594a0db9461d9375fadfd99b1
templates/hd2d_wuxia/assets/char/hero/hero_l_cast_0.png,角色/敌人/NPC/FX 序列帧 PNG,generate_assets.py + gen_lib.py,DSEngine Authors,Apache-2.0,G1,e68fc02a57d05aaed3fc8ef794a6d2414e5b7ad1ba782262b6b8bc12ec9967c0
templates/hd2d_wuxia/assets/char/hero/hero_l_cast_1.png,角色/敌人/NPC/FX 序列帧 PNG,generate_assets.py + gen_lib.py,DSEngine Authors,Apache-2.0,G1,525fa6ac8e97f76e3944f58aee4a0f7ca4f3951d8099dda692a0ece922aa33ad
templates/hd2d_wuxia/assets/char/hero/hero_l_cast_2.png,角色/敌人/NPC/FX 序列帧 PNG,generate_assets.py + gen_lib.py,DSEngine Authors,Apache-2.0,G1,35d1a0572acff6e4bdf4f9ae06f8dc1939c6df41c7776e545d35c6343691a634
templates/hd2d_wuxia/assets/char/hero/hero_l_cast_3.png,角色/敌人/NPC/FX 序列帧 PNG,generate_assets.py + gen_lib.py,DSEngine Authors,Apache-2.0,G1,e8c2a60a87485257d25c492d3e5f55e484b2d8ae2fe8e63353c420fb15414e36
templates/hd2d_wuxia/assets/char/hero/hero_l_cast_4.png,角色/敌人/NPC/FX 序列帧 PNG,generate_assets.py + gen_lib.py,DSEngine Authors,Apache-2.0,G1,e68fc02a57d05aaed3fc8ef794a6d2414e5b7ad1ba782262b6b8bc12ec9967c0
templates/hd2d_wuxia/assets/char/hero/hero_l_cast_atlas.dsprite.json,图集描述/图集 PNG,gen_atlases.py,DSEngine Authors,Apache-2.0,G3,ba840692bff2a67926c273c0879ce51b0baa6293811e0741e1afd07cb7c4a2ac
templates/hd2d_wuxia/assets/char/hero/hero_l_cast_atlas.png,图集描述/图集 PNG,gen_atlases.py,DSEngine Authors,Apache-2.0,G3,b57ccf786246ec7a64d9027b541efdcb403ad2a3830ef5670cea9b2ee9a1d75d
templates/hd2d_wuxia/assets/char/hero/hero_l_die_0.png,角色/敌人/NPC/FX 序列帧 PNG,generate_assets.py + gen_lib.py,DSEngine Authors,Apache-2.0,G1,ace1699319e0fe81626267f9b6debe204ff8ebdfda92c90e6f792e9852b88cb1
templates/hd2d_wuxia/assets/char/hero/hero_l_die_1.png,角色/敌人/NPC/FX 序列帧 PNG,generate_assets.py + gen_lib.py,DSEngine Authors,Apache-2.0,G1,02a76ce43004d4fe49343a55e19423432364ffc86ff11241e96c19593e83262f
templates/hd2d_wuxia/assets/char/hero/hero_l_die_2.png,角色/敌人/NPC/FX 序列帧 PNG,generate_assets.py + gen_lib.py,DSEngine Authors,Apache-2.0,G1,920e476b9ebc7df6fb6b94a7a8c3c153c43f8558ab254a997eb676c744b9ea6a
templates/hd2d_wuxia/assets/char/hero/hero_l_die_3.png,角色/敌人/NPC/FX 序列帧 PNG,generate_assets.py + gen_lib.py,DSEngine Authors,Apache-2.0,G1,10d198f40725740f6d681a044cdffd5b0fbce468059a9b6b993a467bfc9664b3
templates/hd2d_wuxia/assets/char/hero/hero_l_die_4.png,角色/敌人/NPC/FX 序列帧 PNG,generate_assets.py + gen_lib.py,DSEngine Authors,Apache-2.0,G1,dabebab188682192a28e702b4d3d3507dd862d94361b3f1585c8fb8ded75f662
templates/hd2d_wuxia/assets/char/hero/hero_l_die_atlas.dsprite.json,图集描述/图集 PNG,gen_atlases.py,DSEngine Authors,Apache-2.0,G3,425392489ff5076ff1de59d8973836ef93268a507d4e6f2e89d15426449d1954
templates/hd2d_wuxia/assets/char/hero/hero_l_die_atlas.png,图集描述/图集 PNG,gen_atlases.py,DSEngine Authors,Apache-2.0,G3,30b3d24e0638f7a7431cd912da7c10e4363e1e6bd69579489e6e669a1725baab
templates/hd2d_wuxia/assets/char/hero/hero_l_dodge_0.png,角色/敌人/NPC/FX 序列帧 PNG,generate_assets.py + gen_lib.py,DSEngine Authors,Apache-2.0,G1,842e971b97341249df4145df8e49cc02ac6739cd43b462359b80a18e3762866c
templates/hd2d_wuxia/assets/char/hero/hero_l_dodge_1.png,角色/敌人/NPC/FX 序列帧 PNG,generate_assets.py + gen_lib.py,DSEngine Authors,Apache-2.0,G1,efd0a22f7d2c99da133194faa39a900a9eb8236fd705b7774fe27d09c7bf7d9e
templates/hd2d_wuxia/assets/char/hero/hero_l_dodge_2.png,角色/敌人/NPC/FX 序列帧 PNG,generate_assets.py + gen_lib.py,DSEngine Authors,Apache-2.0,G1,3aeea7190aa9fd2271d739ff083c826df47145ef80d5c1406bed886c4c395400
templates/hd2d_wuxia/assets/char/hero/hero_l_dodge_3.png,角色/敌人/NPC/FX 序列帧 PNG,generate_assets.py + gen_lib.py,DSEngine Authors,Apache-2.0,G1,fed5796e9fdb5a70a3b9bb6c2759b593946eb5d1e12176953d28ef5cd5b88c38
templates/hd2d_wuxia/assets/char/hero/hero_l_dodge_atlas.dsprite.json,图集描述/图集 PNG,gen_atlases.py,DSEngine Authors,Apache-2.0,G3,e6db958dca43cf104e313f0242f2db84722323945299437ae6a09b10ae095d59
templates/hd2d_wuxia/assets/char/hero/hero_l_dodge_atlas.png,图集描述/图集 PNG,gen_atlases.py,DSEngine Authors,Apache-2.0,G3,d6c78b352ae41d35254c77c0a89886f2b59b4b433fb1cac2dff2d1c04b9482ad
templates/hd2d_wuxia/assets/char/hero/hero_l_hurt_0.png,角色/敌人/NPC/FX 序列帧 PNG,generate_assets.py + gen_lib.py,DSEngine Authors,Apache-2.0,G1,c2b5028f7c4381f1d6c50f44d25adff0f88136ec9bfef8316983c355205c889e
templates/hd2d_wuxia/assets/char/hero/hero_l_hurt_1.png,角色/敌人/NPC/FX 序列帧 PNG,generate_assets.py + gen_lib.py,DSEngine Authors,Apache-2.0,G1,c2b5028f7c4381f1d6c50f44d25adff0f88136ec9bfef8316983c355205c889e
templates/hd2d_wuxia/assets/char/hero/hero_l_hurt_atlas.dsprite.json,图集描述/图集 PNG,gen_atlases.py,DSEngine Authors,Apache-2.0,G3,c3c140dc31342a46ad4f51eb4bbfe93047b916931ed6212d1b70806ce2ef133a
templates/hd2d_wuxia/assets/char/hero/hero_l_hurt_atlas.png,图集描述/图集 PNG,gen_atlases.py,DSEngine Authors,Apache-2.0,G3,d6a15af8b6752d9c5c463cd58a4f032aa9dd39f5846eeec67374a6e93ded368f
templates/hd2d_wuxia/assets/char/hero/hero_l_idle_0.png,角色/敌人/NPC/FX 序列帧 PNG,generate_assets.py + gen_lib.py,DSEngine Authors,Apache-2.0,G1,f152da23296b8d6c73d72dc61896125d2148f10bbd54e5df687bf9dfd92c2504
templates/hd2d_wuxia/assets/char/hero/hero_l_idle_1.png,角色/敌人/NPC/FX 序列帧 PNG,generate_assets.py + gen_lib.py,DSEngine Authors,Apache-2.0,G1,722df3413062b4e706c24553ae2709fa524e82999799f1b24813e855f8e2fc31
templates/hd2d_wuxia/assets/char/hero/hero_l_idle_2.png,角色/敌人/NPC/FX 序列帧 PNG,generate_assets.py + gen_lib.py,DSEngine Authors,Apache-2.0,G1,f152da23296b8d6c73d72dc61896125d2148f10bbd54e5df687bf9dfd92c2504
templates/hd2d_wuxia/assets/char/hero/hero_l_idle_3.png,角色/敌人/NPC/FX 序列帧 PNG,generate_assets.py + gen_lib.py,DSEngine Authors,Apache-2.0,G1,722df3413062b4e706c24553ae2709fa524e82999799f1b24813e855f8e2fc31
templates/hd2d_wuxia/assets/char/hero/hero_l_idle_atlas.dsprite.json,图集描述/图集 PNG,gen_atlases.py,DSEngine Authors,Apache-2.0,G3,80b64ff8a099bc535ab481cb32e30986afeecdb8c6092881952905fd0f3fdc76
templates/hd2d_wuxia/assets/char/hero/hero_l_idle_atlas.png,图集描述/图集 PNG,gen_atlases.py,DSEngine Authors,Apache-2.0,G3,cce2dbeb8cec3a8e63d06acbbb7e6a369e2ebd4fd687ed96ccd393e0e511bc6e
templates/hd2d_wuxia/assets/char/hero/hero_l_walk_0.png,角色/敌人/NPC/FX 序列帧 PNG,generate_assets.py + gen_lib.py,DSEngine Authors,Apache-2.0,G1,c694f64a089951482af644682683142240af56a846fa688a9cbae1ed800c4ce4
templates/hd2d_wuxia/assets/char/hero/hero_l_walk_1.png,角色/敌人/NPC/FX 序列帧 PNG,generate_assets.py + gen_lib.py,DSEngine Authors,Apache-2.0,G1,b856bde02d8382bcb96ee67905726196bf48f56dba5002494630346855f79c01
templates/hd2d_wuxia/assets/char/hero/hero_l_walk_2.png,角色/敌人/NPC/FX 序列帧 PNG,generate_assets.py + gen_lib.py,DSEngine Authors,Apache-2.0,G1,b856bde02d8382bcb96ee67905726196bf48f56dba5002494630346855f79c01
templates/hd2d_wuxia/assets/char/hero/hero_l_walk_3.png,角色/敌人/NPC/FX 序列帧 PNG,generate_assets.py + gen_lib.py,DSEngine Authors,Apache-2.0,G1,c694f64a089951482af644682683142240af56a846fa688a9cbae1ed800c4ce4
templates/hd2d_wuxia/assets/char/hero/hero_l_walk_4.png,角色/敌人/NPC/FX 序列帧 PNG,generate_assets.py + gen_lib.py,DSEngine Authors,Apache-2.0,G1,1477a402387cb1b9b5898a5a37f8ad076aee906ad128ee46c133a15b5a45eed0
templates/hd2d_wuxia/assets/char/hero/hero_l_walk_5.png,角色/敌人/NPC/FX 序列帧 PNG,generate_assets.py + gen_lib.py,DSEngine Authors,Apache-2.0,G1,1477a402387cb1b9b5898a5a37f8ad076aee906ad128ee46c133a15b5a45eed0
templates/hd2d_wuxia/assets/char/hero/hero_l_walk_atlas.dsprite.json,图集描述/图集 PNG,gen_atlases.py,DSEngine Authors,Apache-2.0,G3,b87981efe398a96b7b30229df12305f0ce19aed0cd9b30f9f9460d0e3c482fbf
templates/hd2d_wuxia/assets/char/hero/hero_l_walk_atlas.png,图集描述/图集 PNG,gen_atlases.py,DSEngine Authors,Apache-2.0,G3,13071b18de4921e99f893c273908c879a20e9b0790802dbfaa80e3864c38c23b
templates/hd2d_wuxia/assets/char/hero/hero_r_attack_0.png,角色/敌人/NPC/FX 序列帧 PNG,generate_assets.py + gen_lib.py,DSEngine Authors,Apache-2.0,G1,0d65dd14b700693407b6bcf5761f485316b3f202dd0de55e0ce69d406c3db653
templates/hd2d_wuxia/assets/char/hero/hero_r_attack_1.png,角色/敌人/NPC/FX 序列帧 PNG,generate_assets.py + gen_lib.py,DSEngine Authors,Apache-2.0,G1,29435d6d6f6dee36dc639fa89579ca9e6f106a2765617c0edb2da0e1ce2eee93
templates/hd2d_wuxia/assets/char/hero/hero_r_attack_2.png,角色/敌人/NPC/FX 序列帧 PNG,generate_assets.py + gen_lib.py,DSEngine Authors,Apache-2.0,G1,36eff331312d28ce6e4bfc4195bf231dab0ceb3ebd77bf7d7c5c2934ed55db58
templates/hd2d_wuxia/assets/char/hero/hero_r_attack_3.png,角色/敌人/NPC/FX 序列帧 PNG,generate_assets.py + gen_lib.py,DSEngine Authors,Apache-2.0,G1,42ffe780f035ba00816ec1136160b73526aa0aa2ce6c9eed284cb57d3e39ea0d
templates/hd2d_wuxia/assets/char/hero/hero_r_attack_4.png,角色/敌人/NPC/FX 序列帧 PNG,generate_assets.py + gen_lib.py,DSEngine Authors,Apache-2.0,G1,56c7b64eec7fd2d480e26cb814ab02f9f9aef549813bd1074d133b659b833e73
templates/hd2d_wuxia/assets/char/hero/hero_r_attack_atlas.dsprite.json,图集描述/图集 PNG,gen_atlases.py,DSEngine Authors,Apache-2.0,G3,e3b8de902ae4dfd09cb58b53a6936020e194ab30a779e8c51ddf57a3b05f53e7
templates/hd2d_wuxia/assets/char/hero/hero_r_attack_atlas.png,图集描述/图集 PNG,gen_atlases.py,DSEngine Authors,Apache-2.0,G3,65961f830530bf9cc0ba9679dab019d74df356f21978ade1a24b6bdc16b9dfb2
templates/hd2d_wuxia/assets/char/hero/hero_r_cast_0.png,角色/敌人/NPC/FX 序列帧 PNG,generate_assets.py + gen_lib.py,DSEngine Authors,Apache-2.0,G1,c16aa08675b040c81bfe98068d1416d61601124e2803a947cf22b1021a3ac1d0
templates/hd2d_wuxia/assets/char/hero/hero_r_cast_1.png,角色/敌人/NPC/FX 序列帧 PNG,generate_assets.py + gen_lib.py,DSEngine Authors,Apache-2.0,G1,cbe7682a2cd6be6cc66b70aa84f2ac3d8b18d667c500ea4bf5b0fc177864e994
templates/hd2d_wuxia/assets/char/hero/hero_r_cast_2.png,角色/敌人/NPC/FX 序列帧 PNG,generate_assets.py + gen_lib.py,DSEngine Authors,Apache-2.0,G1,d6c4600083b240d455e22d32a2f0af958564b8cd6daaac74283cfd14233dc4ae
templates/hd2d_wuxia/assets/char/hero/hero_r_cast_3.png,角色/敌人/NPC/FX 序列帧 PNG,generate_assets.py + gen_lib.py,DSEngine Authors,Apache-2.0,G1,0ea6bef5b0d1f0fdc3b834e748299c67c8109d75ec3618c22b9b80d576aa661d
templates/hd2d_wuxia/assets/char/hero/hero_r_cast_4.png,角色/敌人/NPC/FX 序列帧 PNG,generate_assets.py + gen_lib.py,DSEngine Authors,Apache-2.0,G1,c16aa08675b040c81bfe98068d1416d61601124e2803a947cf22b1021a3ac1d0
templates/hd2d_wuxia/assets/char/hero/hero_r_cast_atlas.dsprite.json,图集描述/图集 PNG,gen_atlases.py,DSEngine Authors,Apache-2.0,G3,3a15888268e0d6b1f0cacfff73a18ca4abc1287d492d0cbf74a1a94b342cd88e
templates/hd2d_wuxia/assets/char/hero/hero_r_cast_atlas.png,图集描述/图集 PNG,gen_atlases.py,DSEngine Authors,Apache-2.0,G3,e625e24171f96caa35f83caa90d4d899c671291dab3a1599dc16a1a210452e85
templates/hd2d_wuxia/assets/char/hero/hero_r_die_0.png,角色/敌人/NPC/FX 序列帧 PNG,generate_assets.py + gen_lib.py,DSEngine Authors,Apache-2.0,G1,c2b4a7b4fa8b62833a88a1fc9c18b841fe7fceb3a87c23511e98aa010d8d7cf9
templates/hd2d_wuxia/assets/char/hero/hero_r_die_1.png,角色/敌人/NPC/FX 序列帧 PNG,generate_assets.py + gen_lib.py,DSEngine Authors,Apache-2.0,G1,735334675ca4d1bd0c05cf0493e6ef994c75de440c12c917c88e9120d62a5eca
templates/hd2d_wuxia/assets/char/hero/hero_r_die_2.png,角色/敌人/NPC/FX 序列帧 PNG,generate_assets.py + gen_lib.py,DSEngine Authors,Apache-2.0,G1,a1f238604c173c68c04265d4d75ee29f4a66293743119d2565dc8d5c3f40391d
templates/hd2d_wuxia/assets/char/hero/hero_r_die_3.png,角色/敌人/NPC/FX 序列帧 PNG,generate_assets.py + gen_lib.py,DSEngine Authors,Apache-2.0,G1,8c8912d4829e004104693b3588093eff0cdf1d5e235e308a706e551d14448d9d
templates/hd2d_wuxia/assets/char/hero/hero_r_die_4.png,角色/敌人/NPC/FX 序列帧 PNG,generate_assets.py + gen_lib.py,DSEngine Authors,Apache-2.0,G1,0f0c8727e3d1cde806adfab833a3fc44ee8c815229614287d6f71cc318cc32c5
templates/hd2d_wuxia/assets/char/hero/hero_r_die_atlas.dsprite.json,图集描述/图集 PNG,gen_atlases.py,DSEngine Authors,Apache-2.0,G3,337dcc36a6c4f3e23d390bbd2bebdb1c2e0ae66f3e9051160b825fe85447020f
templates/hd2d_wuxia/assets/char/hero/hero_r_die_atlas.png,图集描述/图集 PNG,gen_atlases.py,DSEngine Authors,Apache-2.0,G3,ec483504d8fdab72cbcbec5b55c46c51219d77effe9fe756a982a0f77de752f4
templates/hd2d_wuxia/assets/char/hero/hero_r_dodge_0.png,角色/敌人/NPC/FX 序列帧 PNG,generate_assets.py + gen_lib.py,DSEngine Authors,Apache-2.0,G1,2bb88d2e49a446afa8910d53f442d10580571a71c3cd550cc98c67df47bdfcd0
templates/hd2d_wuxia/assets/char/hero/hero_r_dodge_1.png,角色/敌人/NPC/FX 序列帧 PNG,generate_assets.py + gen_lib.py,DSEngine Authors,Apache-2.0,G1,7728e3392ab48569181c865eaeb4ebbba13115219db3d3cd449e290ebcbb6b28
templates/hd2d_wuxia/assets/char/hero/hero_r_dodge_2.png,角色/敌人/NPC/FX 序列帧 PNG,generate_assets.py + gen_lib.py,DSEngine Authors,Apache-2.0,G1,07ce30fb653227dea8289d26cab6cf7e75360b5404385eaa9f80f69a15058d0c
templates/hd2d_wuxia/assets/char/hero/hero_r_dodge_3.png,角色/敌人/NPC/FX 序列帧 PNG,generate_assets.py + gen_lib.py,DSEngine Authors,Apache-2.0,G1,d61b10a991ac637edfda7977908dd5dfef20b8b9376bd2e7f3e018ed813c5e9d
templates/hd2d_wuxia/assets/char/hero/hero_r_dodge_atlas.dsprite.json,图集描述/图集 PNG,gen_atlases.py,DSEngine Authors,Apache-2.0,G3,586d4b336dd1da319eb4c73c5b7aa5dbf3bbce99348fc7c0552419682a96a417
templates/hd2d_wuxia/assets/char/hero/hero_r_dodge_atlas.png,图集描述/图集 PNG,gen_atlases.py,DSEngine Authors,Apache-2.0,G3,abf640e8cbf0692b32067681ddb0042c157dc2930410252e5a3826f06ddf786b
templates/hd2d_wuxia/assets/char/hero/hero_r_hurt_0.png,角色/敌人/NPC/FX 序列帧 PNG,generate_assets.py + gen_lib.py,DSEngine Authors,Apache-2.0,G1,3709b68ce590b3387b7e1bfc151e55ffb9083ea2d9a28e095bbab97acfcbaff1
templates/hd2d_wuxia/assets/char/hero/hero_r_hurt_1.png,角色/敌人/NPC/FX 序列帧 PNG,generate_assets.py + gen_lib.py,DSEngine Authors,Apache-2.0,G1,3709b68ce590b3387b7e1bfc151e55ffb9083ea2d9a28e095bbab97acfcbaff1
templates/hd2d_wuxia/assets/char/hero/hero_r_hurt_atlas.dsprite.json,图集描述/图集 PNG,gen_atlases.py,DSEngine Authors,Apache-2.0,G3,3d13e3d41c0f3b6514ad14ff38e8310899571232b99225195cecda031bd6606a
templates/hd2d_wuxia/assets/char/hero/hero_r_hurt_atlas.png,图集描述/图集 PNG,gen_atlases.py,DSEngine Authors,Apache-2.0,G3,8094562bb698dc6fb8b20169185c7fb51ee0ad96566e50c9f3f6b4e2ea6bd5b8
templates/hd2d_wuxia/assets/char/hero/hero_r_idle_0.png,角色/敌人/NPC/FX 序列帧 PNG,generate_assets.py + gen_lib.py,DSEngine Authors,Apache-2.0,G1,3df2b1c51d32a059d85e1a623c034204e7441210ce01a7c81ed47db300abf8d4
templates/hd2d_wuxia/assets/char/hero/hero_r_idle_1.png,角色/敌人/NPC/FX 序列帧 PNG,generate_assets.py + gen_lib.py,DSEngine Authors,Apache-2.0,G1,0caebe97fb3959b77248a800724206d7b700a232ee2d58d9eebb283b2c2290ed
templates/hd2d_wuxia/assets/char/hero/hero_r_idle_2.png,角色/敌人/NPC/FX 序列帧 PNG,generate_assets.py + gen_lib.py,DSEngine Authors,Apache-2.0,G1,3df2b1c51d32a059d85e1a623c034204e7441210ce01a7c81ed47db300abf8d4
templates/hd2d_wuxia/assets/char/hero/hero_r_idle_3.png,角色/敌人/NPC/FX 序列帧 PNG,generate_assets.py + gen_lib.py,DSEngine Authors,Apache-2.0,G1,0caebe97fb3959b77248a800724206d7b700a232ee2d58d9eebb283b2c2290ed
templates/hd2d_wuxia/assets/char/hero/hero_r_idle_atlas.dsprite.json,图集描述/图集 PNG,gen_atlases.py,DSEngine Authors,Apache-2.0,G3,ea079015d9ee96a3db65f36b2f8c56fb3e8867f84a81783064d08ae1a4069520
templates/hd2d_wuxia/assets/char/hero/hero_r_idle_atlas.png,图集描述/图集 PNG,gen_atlases.py,DSEngine Authors,Apache-2.0,G3,2ccfad757fec13110b885bc7fbeb6959f0cc4ac91581d91c774f9d90ddbf1876
templates/hd2d_wuxia/assets/char/hero/hero_r_walk_0.png,角色/敌人/NPC/FX 序列帧 PNG,generate_assets.py + gen_lib.py,DSEngine Authors,Apache-2.0,G1,564a25c60ce189a4a5744048ea9ff6ee114a55f9a5a4a023e49ca8fc2aa654e1
templates/hd2d_wuxia/assets/char/hero/hero_r_walk_1.png,角色/敌人/NPC/FX 序列帧 PNG,generate_assets.py + gen_lib.py,DSEngine Authors,Apache-2.0,G1,8c31bb5dfe49d8561e6506ae7e3b846457966eff698b928e2231c8a340042972
templates/hd2d_wuxia/assets/char/hero/hero_r_walk_2.png,角色/敌人/NPC/FX 序列帧 PNG,generate_assets.py + gen_lib.py,DSEngine Authors,Apache-2.0,G1,8c31bb5dfe49d8561e6506ae7e3b846457966eff698b928e2231c8a340042972
templates/hd2d_wuxia/assets/char/hero/hero_r_walk_3.png,角色/敌人/NPC/FX 序列帧 PNG,generate_assets.py + gen_lib.py,DSEngine Authors,Apache-2.0,G1,564a25c60ce189a4a5744048ea9ff6ee114a55f9a5a4a023e49ca8fc2aa654e1
templates/hd2d_wuxia/assets/char/hero/hero_r_walk_4.png,角色/敌人/NPC/FX 序列帧 PNG,generate_assets.py + gen_lib.py,DSEngine Authors,Apache-2.0,G1,e538ca12de897e96d60c14578e1b0a5912571266b34a0d9d4294f2ad2c35d42c
templates/hd2d_wuxia/assets/char/hero/hero_r_walk_5.png,角色/敌人/NPC/FX 序列帧 PNG,generate_assets.py + gen_lib.py,DSEngine Authors,Apache-2.0,G1,e538ca12de897e96d60c14578e1b0a5912571266b34a0d9d4294f2ad2c35d42c
templates/hd2d_wuxia/assets/char/hero/hero_r_walk_atlas.dsprite.json,图集描述/图集 PNG,gen_atlases.py,DSEngine Authors,Apache-2.0,G3,8a6fda6b7f79ba62d4c376d75cf01d580548ed600a31903120e2ca3359c0de51
templates/hd2d_wuxia/assets/char/hero/hero_r_walk_atlas.png,图集描述/图集 PNG,gen_atlases.py,DSEngine Authors,Apache-2.0,G3,e3ab24e66b33272d720328ce52a00afe9a100be14168a7aa6679ab58a1bd544a
templates/hd2d_wuxia/assets/char/hero/hero_u_attack_0.png,角色/敌人/NPC/FX 序列帧 PNG,generate_assets.py + gen_lib.py,DSEngine Authors,Apache-2.0,G1,0ca184edd29939b20f28ba216fc71c0a58f08fe6ea84b2e4f13f5d490e4dd9f9
templates/hd2d_wuxia/assets/char/hero/hero_u_attack_1.png,角色/敌人/NPC/FX 序列帧 PNG,generate_assets.py + gen_lib.py,DSEngine Authors,Apache-2.0,G1,9167274e1d05f2818fceb800d96d026f01d641f194f7bd5ce7007f4fe89c9347
templates/hd2d_wuxia/assets/char/hero/hero_u_attack_2.png,角色/敌人/NPC/FX 序列帧 PNG,generate_assets.py + gen_lib.py,DSEngine Authors,Apache-2.0,G1,d23d595017e5d4afe6049f6b3163258af8bba39405d1ec8c15d39856daa87604
templates/hd2d_wuxia/assets/char/hero/hero_u_attack_3.png,角色/敌人/NPC/FX 序列帧 PNG,generate_assets.py + gen_lib.py,DSEngine Authors,Apache-2.0,G1,b65824498c92ab617f448a55030e1226c8e5f6d5a18545f14d1e1883386db222
templates/hd2d_wuxia/assets/char/hero/hero_u_attack_4.png,角色/敌人/NPC/FX 序列帧 PNG,generate_assets.py + gen_lib.py,DSEngine Authors,Apache-2.0,G1,511515ae1aad264f80494b235c21eda2e985db1a318361ee65abc56c04781261
templates/hd2d_wuxia/assets/char/hero/hero_u_attack_atlas.dsprite.json,图集描述/图集 PNG,gen_atlases.py,DSEngine Authors,Apache-2.0,G3,7b68d2f7f3551b097ba0f215460fbef44a1718ea61a4c588329fa02ea1cf7c98
templates/hd2d_wuxia/assets/char/hero/hero_u_attack_atlas.png,图集描述/图集 PNG,gen_atlases.py,DSEngine Authors,Apache-2.0,G3,22a76f8d221319543ba6082369dd5fe16877ec7d658647192fb1670b0c353de6
templates/hd2d_wuxia/assets/char/hero/hero_u_cast_0.png,角色/敌人/NPC/FX 序列帧 PNG,generate_assets.py + gen_lib.py,DSEngine Authors,Apache-2.0,G1,064723ad845be77e4f97b5d2ebdee9495c274105c1de3565bb80b9a9d85e417c
templates/hd2d_wuxia/assets/char/hero/hero_u_cast_1.png,角色/敌人/NPC/FX 序列帧 PNG,generate_assets.py + gen_lib.py,DSEngine Authors,Apache-2.0,G1,064723ad845be77e4f97b5d2ebdee9495c274105c1de3565bb80b9a9d85e417c
templates/hd2d_wuxia/assets/char/hero/hero_u_cast_2.png,角色/敌人/NPC/FX 序列帧 PNG,generate_assets.py + gen_lib.py,DSEngine Authors,Apache-2.0,G1,ee6c4c0daa4d92aaaa512d354d6fcb5a2d2573816c833992b7bc833ec8a5d215
templates/hd2d_wuxia/assets/char/hero/hero_u_cast_3.png,角色/敌人/NPC/FX 序列帧 PNG,generate_assets.py + gen_lib.py,DSEngine Authors,Apache-2.0,G1,ee6c4c0daa4d92aaaa512d354d6fcb5a2d2573816c833992b7bc833ec8a5d215
templates/hd2d_wuxia/assets/char/hero/hero_u_cast_4.png,角色/敌人/NPC/FX 序列帧 PNG,generate_assets.py + gen_lib.py,DSEngine Authors,Apache-2.0,G1,064723ad845be77e4f97b5d2ebdee9495c274105c1de3565bb80b9a9d85e417c
templates/hd2d_wuxia/assets/char/hero/hero_u_cast_atlas.dsprite.json,图集描述/图集 PNG,gen_atlases.py,DSEngine Authors,Apache-2.0,G3,9022e2fe8456c0260952f0ef7fac6ffa7ae418ecc092c8683974eabe43a6bf45
templates/hd2d_wuxia/assets/char/hero/hero_u_cast_atlas.png,图集描述/图集 PNG,gen_atlases.py,DSEngine Authors,Apache-2.0,G3,04cd8576b49f7d9b1a4434db3e4318d0f871aeb76808c0a9cb6389dc6ebfb353
templates/hd2d_wuxia/assets/char/hero/hero_u_die_0.png,角色/敌人/NPC/FX 序列帧 PNG,generate_assets.py + gen_lib.py,DSEngine Authors,Apache-2.0,G1,9844ed73a0b68d2c77004d90fc54931f4a03c58f305457ec0d2667497dc4fb47
templates/hd2d_wuxia/assets/char/hero/hero_u_die_1.png,角色/敌人/NPC/FX 序列帧 PNG,generate_assets.py + gen_lib.py,DSEngine Authors,Apache-2.0,G1,716bb1ba17969c94df80e3022f424fffcb0a04fab11cf1b99010caf5a64d4b5a
templates/hd2d_wuxia/assets/char/hero/hero_u_die_2.png,角色/敌人/NPC/FX 序列帧 PNG,generate_assets.py + gen_lib.py,DSEngine Authors,Apache-2.0,G1,d87d575fb1fe8709d8dcd1743194e4b02590fd967f9d74a8d027d1245892ef11
templates/hd2d_wuxia/assets/char/hero/hero_u_die_3.png,角色/敌人/NPC/FX 序列帧 PNG,generate_assets.py + gen_lib.py,DSEngine Authors,Apache-2.0,G1,cf58b46e7342fd623e8fb12372f555503c7d4ec65f6a5c75295f02bbd1a3c475
templates/hd2d_wuxia/assets/char/hero/hero_u_die_4.png,角色/敌人/NPC/FX 序列帧 PNG,generate_assets.py + gen_lib.py,DSEngine Authors,Apache-2.0,G1,7421dd295802600502d1d4fb0d13716e8cf838b7fe97dc10817dbe23f6117bc2
templates/hd2d_wuxia/assets/char/hero/hero_u_die_atlas.dsprite.json,图集描述/图集 PNG,gen_atlases.py,DSEngine Authors,Apache-2.0,G3,89bcb53b1a4ec5c1f47320da24bc5e30c97c3f4328d47065fa464f57fab4c456
templates/hd2d_wuxia/assets/char/hero/hero_u_die_atlas.png,图集描述/图集 PNG,gen_atlases.py,DSEngine Authors,Apache-2.0,G3,dec050d555c1c213002e00aa89031361d6a005c08eb4d1c424ed49e52fa4ec91
templates/hd2d_wuxia/assets/char/hero/hero_u_dodge_0.png,角色/敌人/NPC/FX 序列帧 PNG,generate_assets.py + gen_lib.py,DSEngine Authors,Apache-2.0,G1,98fc3ff793a0949a39b6411d688c1701d2eceb0c7495a44ddd5d3d1a0c02d6b8
templates/hd2d_wuxia/assets/char/hero/hero_u_dodge_1.png,角色/敌人/NPC/FX 序列帧 PNG,generate_assets.py + gen_lib.py,DSEngine Authors,Apache-2.0,G1,714d5a313b1d47252aa8d862c645b1fc259ad636d7970c0b641fe5d94c604d63
templates/hd2d_wuxia/assets/char/hero/hero_u_dodge_2.png,角色/敌人/NPC/FX 序列帧 PNG,generate_assets.py + gen_lib.py,DSEngine Authors,Apache-2.0,G1,c700520aec84a576510954c717b8d08c3ebda487326fd60c8125a4c491ef4dc1
templates/hd2d_wuxia/assets/char/hero/hero_u_dodge_3.png,角色/敌人/NPC/FX 序列帧 PNG,generate_assets.py + gen_lib.py,DSEngine Authors,Apache-2.0,G1,5b8c4caeb02740a4f2760f2917150cfc2928f98268e49d0c4af80526f1def10f
templates/hd2d_wuxia/assets/char/hero/hero_u_dodge_atlas.dsprite.json,图集描述/图集 PNG,gen_atlases.py,DSEngine Authors,Apache-2.0,G3,cbc01cf2026e697fdd4eb26714914578d4801817d5a6023f4750c9b492e9f6e7
templates/hd2d_wuxia/assets/char/hero/hero_u_dodge_atlas.png,图集描述/图集 PNG,gen_atlases.py,DSEngine Authors,Apache-2.0,G3,079b91da96212c897b1325e90500d80aff0cef28f5e4643153c648ab2a43a5cb
templates/hd2d_wuxia/assets/char/hero/hero_u_hurt_0.png,角色/敌人/NPC/FX 序列帧 PNG,generate_assets.py + gen_lib.py,DSEngine Authors,Apache-2.0,G1,6c0b3fe9487c3071ef1b0e0974b1bbf7d22faf13df487795ae02ca9e7eaa137b
templates/hd2d_wuxia/assets/char/hero/hero_u_hurt_1.png,角色/敌人/NPC/FX 序列帧 PNG,generate_assets.py + gen_lib.py,DSEngine Authors,Apache-2.0,G1,6c0b3fe9487c3071ef1b0e0974b1bbf7d22faf13df487795ae02ca9e7eaa137b
templates/hd2d_wuxia/assets/char/hero/hero_u_hurt_atlas.dsprite.json,图集描述/图集 PNG,gen_atlases.py,DSEngine Authors,Apache-2.0,G3,b1c1cb1db904134c0f4ae2cd0ebad6658fcd53e0f0e93aa3c7394beb8a9ec2b7
templates/hd2d_wuxia/assets/char/hero/hero_u_hurt_atlas.png,图集描述/图集 PNG,gen_atlases.py,DSEngine Authors,Apache-2.0,G3,7e110153fa3d293964e0cc03c857f9b79edbcac2b614d95629adc8ffe5fdcdc8
templates/hd2d_wuxia/assets/char/hero/hero_u_idle_0.png,角色/敌人/NPC/FX 序列帧 PNG,generate_assets.py + gen_lib.py,DSEngine Authors,Apache-2.0,G1,8f78bd133600bb1cf0ec8f6379285b09c1d745212ec4281903f8dc197fab37f7
templates/hd2d_wuxia/assets/char/hero/hero_u_idle_1.png,角色/敌人/NPC/FX 序列帧 PNG,generate_assets.py + gen_lib.py,DSEngine Authors,Apache-2.0,G1,9140a40041b6ffa9fbe43a9aba4d0e42b32db28c64ff81c27dbe8094e34c807f
templates/hd2d_wuxia/assets/char/hero/hero_u_idle_2.png,角色/敌人/NPC/FX 序列帧 PNG,generate_assets.py + gen_lib.py,DSEngine Authors,Apache-2.0,G1,8f78bd133600bb1cf0ec8f6379285b09c1d745212ec4281903f8dc197fab37f7
templates/hd2d_wuxia/assets/char/hero/hero_u_idle_3.png,角色/敌人/NPC/FX 序列帧 PNG,generate_assets.py + gen_lib.py,DSEngine Authors,Apache-2.0,G1,9140a40041b6ffa9fbe43a9aba4d0e42b32db28c64ff81c27dbe8094e34c807f
templates/hd2d_wuxia/assets/char/hero/hero_u_idle_atlas.dsprite.json,图集描述/图集 PNG,gen_atlases.py,DSEngine Authors,Apache-2.0,G3,107c37094aa365988052d1fe46f288c987b66188662b746caa68b21409148c13
templates/hd2d_wuxia/assets/char/hero/hero_u_idle_atlas.png,图集描述/图集 PNG,gen_atlases.py,DSEngine Authors,Apache-2.0,G3,9895f94a06ebe8722fad173265b26f885a42c373451ae75b7e6f0ffaee23f0e5
templates/hd2d_wuxia/assets/char/hero/hero_u_walk_0.png,角色/敌人/NPC/FX 序列帧 PNG,generate_assets.py + gen_lib.py,DSEngine Authors,Apache-2.0,G1,10b93c176c0bfa1a6a3c92c704552d00580fbdc9a5d68a0e2d6d72ff2c1b4ca8
templates/hd2d_wuxia/assets/char/hero/hero_u_walk_1.png,角色/敌人/NPC/FX 序列帧 PNG,generate_assets.py + gen_lib.py,DSEngine Authors,Apache-2.0,G1,3690bd776c60c827a73e5ca07a8113e9453ada41b248bc509b05661a96cb43dd
templates/hd2d_wuxia/assets/char/hero/hero_u_walk_2.png,角色/敌人/NPC/FX 序列帧 PNG,generate_assets.py + gen_lib.py,DSEngine Authors,Apache-2.0,G1,3690bd776c60c827a73e5ca07a8113e9453ada41b248bc509b05661a96cb43dd
templates/hd2d_wuxia/assets/char/hero/hero_u_walk_3.png,角色/敌人/NPC/FX 序列帧 PNG,generate_assets.py + gen_lib.py,DSEngine Authors,Apache-2.0,G1,10b93c176c0bfa1a6a3c92c704552d00580fbdc9a5d68a0e2d6d72ff2c1b4ca8
templates/hd2d_wuxia/assets/char/hero/hero_u_walk_4.png,角色/敌人/NPC/FX 序列帧 PNG,generate_assets.py + gen_lib.py,DSEngine Authors,Apache-2.0,G1,9ce58b9919992c6768535c4fd1b31eca6e1c433e051e7eb967cd7d7c98b9ed2f
templates/hd2d_wuxia/assets/char/hero/hero_u_walk_5.png,角色/敌人/NPC/FX 序列帧 PNG,generate_assets.py + gen_lib.py,DSEngine Authors,Apache-2.0,G1,9ce58b9919992c6768535c4fd1b31eca6e1c433e051e7eb967cd7d7c98b9ed2f
templates/hd2d_wuxia/assets/char/hero/hero_u_walk_atlas.dsprite.json,图集描述/图集 PNG,gen_atlases.py,DSEngine Authors,Apache-2.0,G3,9b9c7593dcd3cf972ba63d9042df9213f35100f019e67b93f9a61c4f13957f68
templates/hd2d_wuxia/assets/char/hero/hero_u_walk_atlas.png,图集描述/图集 PNG,gen_atlases.py,DSEngine Authors,Apache-2.0,G3,f1243375da1ec8457e0498adaa813f0316ce82e9bed93e6fbdc53789c9fd14ed
templates/hd2d_wuxia/assets/enemy/bandit/bandit_d_attack_0.png,角色/敌人/NPC/FX 序列帧 PNG,generate_assets.py + gen_lib.py,DSEngine Authors,Apache-2.0,G1,f3bf281def70822d19d8a09eb9d8971a35a21827c5f7f32638332dc1c5974fa5
templates/hd2d_wuxia/assets/enemy/bandit/bandit_d_attack_1.png,角色/敌人/NPC/FX 序列帧 PNG,generate_assets.py + gen_lib.py,DSEngine Authors,Apache-2.0,G1,370b51a275fd4ee17640a694af0c68d1ea2c11a856f2cda6f75663937e8bc508
templates/hd2d_wuxia/assets/enemy/bandit/bandit_d_attack_2.png,角色/敌人/NPC/FX 序列帧 PNG,generate_assets.py + gen_lib.py,DSEngine Authors,Apache-2.0,G1,04b58de86a649a1d76811b1342ff008ca2e7499571d10842098601538c970c46
templates/hd2d_wuxia/assets/enemy/bandit/bandit_d_attack_atlas.dsprite.json,图集描述/图集 PNG,gen_atlases.py,DSEngine Authors,Apache-2.0,G3,3a63a7ee7a04aa99b7d81c2565eefe2528592961c8d981d3972c680fb7b8a150
templates/hd2d_wuxia/assets/enemy/bandit/bandit_d_attack_atlas.png,图集描述/图集 PNG,gen_atlases.py,DSEngine Authors,Apache-2.0,G3,a1a7052259099e05fff76b0c993b1ddc9f02fb982aa30bdc3028d5e73c7d4c2e
templates/hd2d_wuxia/assets/enemy/bandit/bandit_d_die_0.png,角色/敌人/NPC/FX 序列帧 PNG,generate_assets.py + gen_lib.py,DSEngine Authors,Apache-2.0,G1,8e8afd42dd5b09d483cec108acf67db316a944c6209ae38a1026044a2470a166
templates/hd2d_wuxia/assets/enemy/bandit/bandit_d_die_1.png,角色/敌人/NPC/FX 序列帧 PNG,generate_assets.py + gen_lib.py,DSEngine Authors,Apache-2.0,G1,ce33488011029c886839dec91e39188d2abd1b9cf3ab95dbdeb393026120e787
templates/hd2d_wuxia/assets/enemy/bandit/bandit_d_die_2.png,角色/敌人/NPC/FX 序列帧 PNG,generate_assets.py + gen_lib.py,DSEngine Authors,Apache-2.0,G1,54aa5f25fffd055e716aaa1666aea2c3a22d879f4ff0a94ba5acb3e02bbe6829
templates/hd2d_wuxia/assets/enemy/bandit/bandit_d_die_3.png,角色/敌人/NPC/FX 序列帧 PNG,generate_assets.py + gen_lib.py,DSEngine Authors,Apache-2.0,G1,374b56375400bb819edcbb8a9c4939711ffda254a7272af0f6e095c5c260addc
templates/hd2d_wuxia/assets/enemy/bandit/bandit_d_die_atlas.dsprite.json,图集描述/图集 PNG,gen_atlases.py,DSEngine Authors,Apache-2.0,G3,0562865f3fad097b83e14f5d0e5b4ad5684f20f196ac0485b640861ce7c0092e
templates/hd2d_wuxia/assets/enemy/bandit/bandit_d_die_atlas.png,图集描述/图集 PNG,gen_atlases.py,DSEngine Authors,Apache-2.0,G3,efe56da59a1741ec36bd89448d8e3ce561e0ada92279f29c212ac788d26ceb1c
templates/hd2d_wuxia/assets/enemy/bandit/bandit_d_hurt_0.png,角色/敌人/NPC/FX 序列帧 PNG,generate_assets.py + gen_lib.py,DSEngine Authors,Apache-2.0,G1,f13856cc8d24fc47ba54596ca13995aa4d6960021ba38933e291257e58df29e9
templates/hd2d_wuxia/assets/enemy/bandit/bandit_d_hurt_atlas.dsprite.json,图集描述/图集 PNG,gen_atlases.py,DSEngine Authors,Apache-2.0,G3,574cceea0e9424f332299dd2daff9e0ca23a1b32d8a698ccd2d2e2efaa3d5633
templates/hd2d_wuxia/assets/enemy/bandit/bandit_d_hurt_atlas.png,图集描述/图集 PNG,gen_atlases.py,DSEngine Authors,Apache-2.0,G3,17437ff1a5c137ad171651a250aec52bd368bbee8c6f228a18fef466342aafc0
templates/hd2d_wuxia/assets/enemy/bandit/bandit_d_idle_0.png,角色/敌人/NPC/FX 序列帧 PNG,generate_assets.py + gen_lib.py,DSEngine Authors,Apache-2.0,G1,ebf8262123ff2b683e7d9dc51ca4e6c2f00cedd934d70559b0cdaea0c369c818
templates/hd2d_wuxia/assets/enemy/bandit/bandit_d_idle_1.png,角色/敌人/NPC/FX 序列帧 PNG,generate_assets.py + gen_lib.py,DSEngine Authors,Apache-2.0,G1,7494e6eefac4de7aedf6f69f3b372796f034892024a0a96abead058d607ddac9
templates/hd2d_wuxia/assets/enemy/bandit/bandit_d_idle_2.png,角色/敌人/NPC/FX 序列帧 PNG,generate_assets.py + gen_lib.py,DSEngine Authors,Apache-2.0,G1,ebf8262123ff2b683e7d9dc51ca4e6c2f00cedd934d70559b0cdaea0c369c818
templates/hd2d_wuxia/assets/enemy/bandit/bandit_d_idle_atlas.dsprite.json,图集描述/图集 PNG,gen_atlases.py,DSEngine Authors,Apache-2.0,G3,e6bd1e845dc566139299fcae6ef5cb16b2011295230bea2c2e822f59ff568bb6
templates/hd2d_wuxia/assets/enemy/bandit/bandit_d_idle_atlas.png,图集描述/图集 PNG,gen_atlases.py,DSEngine Authors,Apache-2.0,G3,fd62f249ad6f5f6eeea0c960d199bbeea682b14ee6f59cbbd276b6e091ac0445
templates/hd2d_wuxia/assets/enemy/bandit/bandit_d_walk_0.png,角色/敌人/NPC/FX 序列帧 PNG,generate_assets.py + gen_lib.py,DSEngine Authors,Apache-2.0,G1,ceb7613330629303dc1deacb307da2f972d8fe1ed04a19ada34162781b656220
templates/hd2d_wuxia/assets/enemy/bandit/bandit_d_walk_1.png,角色/敌人/NPC/FX 序列帧 PNG,generate_assets.py + gen_lib.py,DSEngine Authors,Apache-2.0,G1,352aff275401705aa0aac95426fe2f5c7892dd5bed3881e84d40966872ae2bf1
templates/hd2d_wuxia/assets/enemy/bandit/bandit_d_walk_2.png,角色/敌人/NPC/FX 序列帧 PNG,generate_assets.py + gen_lib.py,DSEngine Authors,Apache-2.0,G1,ceb7613330629303dc1deacb307da2f972d8fe1ed04a19ada34162781b656220
templates/hd2d_wuxia/assets/enemy/bandit/bandit_d_walk_3.png,角色/敌人/NPC/FX 序列帧 PNG,generate_assets.py + gen_lib.py,DSEngine Authors,Apache-2.0,G1,c4a91ae16ed8b82dbc5c74a65e001b68fbfa7082a3509d74b3f33ec256066605
templates/hd2d_wuxia/assets/enemy/bandit/bandit_d_walk_atlas.dsprite.json,图集描述/图集 PNG,gen_atlases.py,DSEngine Authors,Apache-2.0,G3,a5e6602b05eaa7748e7bf9eb70963638b24526aca0a32170d06a0863eed6954a
templates/hd2d_wuxia/assets/enemy/bandit/bandit_d_walk_atlas.png,图集描述/图集 PNG,gen_atlases.py,DSEngine Authors,Apache-2.0,G3,c9880135a7b07390b89bd1a7920c527764685c690183dc8ea2dbe2038da0a37f
templates/hd2d_wuxia/assets/enemy/bandit/bandit_l_attack_0.png,角色/敌人/NPC/FX 序列帧 PNG,generate_assets.py + gen_lib.py,DSEngine Authors,Apache-2.0,G1,73cb1ee70cee152b4f99f9c3a9ae06ff113b64ccc1dd571b9069a60ac821b29a
templates/hd2d_wuxia/assets/enemy/bandit/bandit_l_attack_1.png,角色/敌人/NPC/FX 序列帧 PNG,generate_assets.py + gen_lib.py,DSEngine Authors,Apache-2.0,G1,a2ea85ef20bb6a1c20fd277c8c15f59d0ff404d6fc62f640faef66c6c6c446f8
templates/hd2d_wuxia/assets/enemy/bandit/bandit_l_attack_2.png,角色/敌人/NPC/FX 序列帧 PNG,generate_assets.py + gen_lib.py,DSEngine Authors,Apache-2.0,G1,0b56a1599c65127a3e2fcb1952a6d8ac2d2392f9ca7d94db27105a3091222a69
templates/hd2d_wuxia/assets/enemy/bandit/bandit_l_attack_atlas.dsprite.json,图集描述/图集 PNG,gen_atlases.py,DSEngine Authors,Apache-2.0,G3,9eb9283aac522678cde3607ea45dcdd6e0fc08c87ae0989b15df63fffc90b829
templates/hd2d_wuxia/assets/enemy/bandit/bandit_l_attack_atlas.png,图集描述/图集 PNG,gen_atlases.py,DSEngine Authors,Apache-2.0,G3,d5c9ba5e5d40d0a5e82145c1daa3788ed084e81c37c34f7120c1ed4a67caf497
templates/hd2d_wuxia/assets/enemy/bandit/bandit_l_die_0.png,角色/敌人/NPC/FX 序列帧 PNG,generate_assets.py + gen_lib.py,DSEngine Authors,Apache-2.0,G1,4412f9926d409c04583910ce6092918740ac1966261ab45bf0d186b2945cba45
templates/hd2d_wuxia/assets/enemy/bandit/bandit_l_die_1.png,角色/敌人/NPC/FX 序列帧 PNG,generate_assets.py + gen_lib.py,DSEngine Authors,Apache-2.0,G1,0263b627bd545ed6469e5070debd02cdb396d0d068e785b0e31357a914ada465
templates/hd2d_wuxia/assets/enemy/bandit/bandit_l_die_2.png,角色/敌人/NPC/FX 序列帧 PNG,generate_assets.py + gen_lib.py,DSEngine Authors,Apache-2.0,G1,2687b3a60ae09ccffd9cdf18a9eee46983286762f2419ac7bfa1b22eb530f418
templates/hd2d_wuxia/assets/enemy/bandit/bandit_l_die_3.png,角色/敌人/NPC/FX 序列帧 PNG,generate_assets.py + gen_lib.py,DSEngine Authors,Apache-2.0,G1,3dc0d80e2b686546abf5bca48efc2f689801e30c42166b08376f0b1198255ffa
templates/hd2d_wuxia/assets/enemy/bandit/bandit_l_die_atlas.dsprite.json,图集描述/图集 PNG,gen_atlases.py,DSEngine Authors,Apache-2.0,G3,ff5a2f499751045249ead81b5a17a4b0066f02713556ad9ac42dda7ae5c3cd1e
templates/hd2d_wuxia/assets/enemy/bandit/bandit_l_die_atlas.png,图集描述/图集 PNG,gen_atlases.py,DSEngine Authors,Apache-2.0,G3,9d88e2145f1dfd459d8adfabe4139f4005fd22e997520f85cfbbed232c3d3d17
templates/hd2d_wuxia/assets/enemy/bandit/bandit_l_hurt_0.png,角色/敌人/NPC/FX 序列帧 PNG,generate_assets.py + gen_lib.py,DSEngine Authors,Apache-2.0,G1,18d33f50be3584a54377e9d8e820baf9c10e09596a9ea8aadc915cdc2e564b1c
templates/hd2d_wuxia/assets/enemy/bandit/bandit_l_hurt_atlas.dsprite.json,图集描述/图集 PNG,gen_atlases.py,DSEngine Authors,Apache-2.0,G3,25413127760fc208418beb6dac05bc796e284910e15df0029fb8bd94b7998041
templates/hd2d_wuxia/assets/enemy/bandit/bandit_l_hurt_atlas.png,图集描述/图集 PNG,gen_atlases.py,DSEngine Authors,Apache-2.0,G3,6e9fd567bfcb5f58c25f62298529cec34d511bc4a13a4f6a303d6bfab7ca3d17
templates/hd2d_wuxia/assets/enemy/bandit/bandit_l_idle_0.png,角色/敌人/NPC/FX 序列帧 PNG,generate_assets.py + gen_lib.py,DSEngine Authors,Apache-2.0,G1,90c4c1e84485f9e52cdd91033ecec4e51f3280aed6bfb337075d1ad8bfba0273
templates/hd2d_wuxia/assets/enemy/bandit/bandit_l_idle_1.png,角色/敌人/NPC/FX 序列帧 PNG,generate_assets.py + gen_lib.py,DSEngine Authors,Apache-2.0,G1,c5b3bf52a311e01b6dad933c519e11033978a410c41d1958aa7c12774b030adc
templates/hd2d_wuxia/assets/enemy/bandit/bandit_l_idle_2.png,角色/敌人/NPC/FX 序列帧 PNG,generate_assets.py + gen_lib.py,DSEngine Authors,Apache-2.0,G1,90c4c1e84485f9e52cdd91033ecec4e51f3280aed6bfb337075d1ad8bfba0273
templates/hd2d_wuxia/assets/enemy/bandit/bandit_l_idle_atlas.dsprite.json,图集描述/图集 PNG,gen_atlases.py,DSEngine Authors,Apache-2.0,G3,b25cedb6804dad784660a3b304250ac57aaf704157b6995223bef7b730accf2d
templates/hd2d_wuxia/assets/enemy/bandit/bandit_l_idle_atlas.png,图集描述/图集 PNG,gen_atlases.py,DSEngine Authors,Apache-2.0,G3,ac2d988fe43558dc9deced2a8c5fc75d7988deefdbcd92f24519d934effaf8ef
templates/hd2d_wuxia/assets/enemy/bandit/bandit_l_walk_0.png,角色/敌人/NPC/FX 序列帧 PNG,generate_assets.py + gen_lib.py,DSEngine Authors,Apache-2.0,G1,7900e523705709475f5f17051b596ddf72bb2647942444d5ebdb9f92138947a0
templates/hd2d_wuxia/assets/enemy/bandit/bandit_l_walk_1.png,角色/敌人/NPC/FX 序列帧 PNG,generate_assets.py + gen_lib.py,DSEngine Authors,Apache-2.0,G1,7946870d023cc49168d53992ddef27322b3bf951217e275c327bb74be6d7b5ea
templates/hd2d_wuxia/assets/enemy/bandit/bandit_l_walk_2.png,角色/敌人/NPC/FX 序列帧 PNG,generate_assets.py + gen_lib.py,DSEngine Authors,Apache-2.0,G1,7900e523705709475f5f17051b596ddf72bb2647942444d5ebdb9f92138947a0
templates/hd2d_wuxia/assets/enemy/bandit/bandit_l_walk_3.png,角色/敌人/NPC/FX 序列帧 PNG,generate_assets.py + gen_lib.py,DSEngine Authors,Apache-2.0,G1,049f712932c507a7ae97bc5186266d0de157294b059b9da500cf55e399785c44
templates/hd2d_wuxia/assets/enemy/bandit/bandit_l_walk_atlas.dsprite.json,图集描述/图集 PNG,gen_atlases.py,DSEngine Authors,Apache-2.0,G3,1c416f61955af784ee078116ecc66f40c239e1d8d4037e49f193d0fa83711157
templates/hd2d_wuxia/assets/enemy/bandit/bandit_l_walk_atlas.png,图集描述/图集 PNG,gen_atlases.py,DSEngine Authors,Apache-2.0,G3,27fbe32fbbb28d4ee7380d58bd7cc6a431f279f5bf9cdd076914af7af9aae7d4
templates/hd2d_wuxia/assets/enemy/bandit/bandit_r_attack_0.png,角色/敌人/NPC/FX 序列帧 PNG,generate_assets.py + gen_lib.py,DSEngine Authors,Apache-2.0,G1,ae73db5cbf45806146d6ce57da8e408f011df6626a9786e31ffc32ababadb7cd
templates/hd2d_wuxia/assets/enemy/bandit/bandit_r_attack_1.png,角色/敌人/NPC/FX 序列帧 PNG,generate_assets.py + gen_lib.py,DSEngine Authors,Apache-2.0,G1,d742c99dd5a2f6012aaff48891da83bd1d3b9afcf661a9cc58c8134c457791be
templates/hd2d_wuxia/assets/enemy/bandit/bandit_r_attack_2.png,角色/敌人/NPC/FX 序列帧 PNG,generate_assets.py + gen_lib.py,DSEngine Authors,Apache-2.0,G1,a6e29f998cd67b29e9f73fd68d67527dd73add0684d2114a22970f4448f6d84e
templates/hd2d_wuxia/assets/enemy/bandit/bandit_r_attack_atlas.dsprite.json,图集描述/图集 PNG,gen_atlases.py,DSEngine Authors,Apache-2.0,G3,39248320450c6aef1a3e67094d24fe3c21daf3fe4731c947938d6c26f97b8ae3
templates/hd2d_wuxia/assets/enemy/bandit/bandit_r_attack_atlas.png,图集描述/图集 PNG,gen_atlases.py,DSEngine Authors,Apache-2.0,G3,406329aa49b53aa4c404b8dd544536a2fee5a1dc7a3867130c7f78326aacc25d
templates/hd2d_wuxia/assets/enemy/bandit/bandit_r_die_0.png,角色/敌人/NPC/FX 序列帧 PNG,generate_assets.py + gen_lib.py,DSEngine Authors,Apache-2.0,G1,2a24e4c51fd82e01b8c9c2d5f58f06455e2149a92cf78252874d5504730e3c1d
templates/hd2d_wuxia/assets/enemy/bandit/bandit_r_die_1.png,角色/敌人/NPC/FX 序列帧 PNG,generate_assets.py + gen_lib.py,DSEngine Authors,Apache-2.0,G1,8de911bde915e52dcfc315e8a5099e0bbf207a4938a4193fbea712a378d74c6a
templates/hd2d_wuxia/assets/enemy/bandit/bandit_r_die_2.png,角色/敌人/NPC/FX 序列帧 PNG,generate_assets.py + gen_lib.py,DSEngine Authors,Apache-2.0,G1,9cb14d686e4a741b4a9bb931abdc6a75e0420e0a6e7432bbe2ff29ed71c66494
templates/hd2d_wuxia/assets/enemy/bandit/bandit_r_die_3.png,角色/敌人/NPC/FX 序列帧 PNG,generate_assets.py + gen_lib.py,DSEngine Authors,Apache-2.0,G1,eaadba90e8144e3ec75a05f52e913b2060b534b7ab203dd2aa33adc74b232ed0
templates/hd2d_wuxia/assets/enemy/bandit/bandit_r_die_atlas.dsprite.json,图集描述/图集 PNG,gen_atlases.py,DSEngine Authors,Apache-2.0,G3,4f4e1b330ed0da3f29a22a8a9b8e9eb0dcae9bd080f7fd05afe924347126d50d
templates/hd2d_wuxia/assets/enemy/bandit/bandit_r_die_atlas.png,图集描述/图集 PNG,gen_atlases.py,DSEngine Authors,Apache-2.0,G3,970c1316ab30920e858a59079d4878e058c88ea520aac738af63b991081072be
templates/hd2d_wuxia/assets/enemy/bandit/bandit_r_hurt_0.png,角色/敌人/NPC/FX 序列帧 PNG,generate_assets.py + gen_lib.py,DSEngine Authors,Apache-2.0,G1,2c28d2aab7f2d15cb9108e47d4804f6c9a0625cbe32080c20d9cf2be127939da
templates/hd2d_wuxia/assets/enemy/bandit/bandit_r_hurt_atlas.dsprite.json,图集描述/图集 PNG,gen_atlases.py,DSEngine Authors,Apache-2.0,G3,13083baec53773874d9407001f9fbeab1977732cbd5bfd1ddd2d62a88d704034
templates/hd2d_wuxia/assets/enemy/bandit/bandit_r_hurt_atlas.png,图集描述/图集 PNG,gen_atlases.py,DSEngine Authors,Apache-2.0,G3,febbae6b864a4db1fd3e37d032e705576c3915def27551abe349ee6b4dddd97b
templates/hd2d_wuxia/assets/enemy/bandit/bandit_r_idle_0.png,角色/敌人/NPC/FX 序列帧 PNG,generate_assets.py + gen_lib.py,DSEngine Authors,Apache-2.0,G1,0486d9e9b065b4e1c1c99b4f5300301d18d139ab6b75c7081f34472765fa8274
templates/hd2d_wuxia/assets/enemy/bandit/bandit_r_idle_1.png,角色/敌人/NPC/FX 序列帧 PNG,generate_assets.py + gen_lib.py,DSEngine Authors,Apache-2.0,G1,96be9cc9502bc94577cad35ea0fb6943d9e22d4464f25db16a11f4c92ce66a0f
templates/hd2d_wuxia/assets/enemy/bandit/bandit_r_idle_2.png,角色/敌人/NPC/FX 序列帧 PNG,generate_assets.py + gen_lib.py,DSEngine Authors,Apache-2.0,G1,0486d9e9b065b4e1c1c99b4f5300301d18d139ab6b75c7081f34472765fa8274
templates/hd2d_wuxia/assets/enemy/bandit/bandit_r_idle_atlas.dsprite.json,图集描述/图集 PNG,gen_atlases.py,DSEngine Authors,Apache-2.0,G3,4700dcf23fe75233fb4eedc522842464e1868cfed7cef15f3f6e78b5ae6703e2
templates/hd2d_wuxia/assets/enemy/bandit/bandit_r_idle_atlas.png,图集描述/图集 PNG,gen_atlases.py,DSEngine Authors,Apache-2.0,G3,9cf9550732425b5750d385dbef3b5d267d3985daf879382ca6e4a86723d6e1cb
templates/hd2d_wuxia/assets/enemy/bandit/bandit_r_walk_0.png,角色/敌人/NPC/FX 序列帧 PNG,generate_assets.py + gen_lib.py,DSEngine Authors,Apache-2.0,G1,ce4f5674554e11fd33e2a24aa694dec4e862b5208d80ffe240526b0d84ec5b76
templates/hd2d_wuxia/assets/enemy/bandit/bandit_r_walk_1.png,角色/敌人/NPC/FX 序列帧 PNG,generate_assets.py + gen_lib.py,DSEngine Authors,Apache-2.0,G1,a57ae87a1c4878894feb4736f7c9e976df38fc3c41ccc5446de0ddf4250d50e0
templates/hd2d_wuxia/assets/enemy/bandit/bandit_r_walk_2.png,角色/敌人/NPC/FX 序列帧 PNG,generate_assets.py + gen_lib.py,DSEngine Authors,Apache-2.0,G1,ce4f5674554e11fd33e2a24aa694dec4e862b5208d80ffe240526b0d84ec5b76
templates/hd2d_wuxia/assets/enemy/bandit/bandit_r_walk_3.png,角色/敌人/NPC/FX 序列帧 PNG,generate_assets.py + gen_lib.py,DSEngine Authors,Apache-2.0,G1,90e725275aa8553762c47b71087a5176fd5d030ab9ec1357b392c53b495019cb
templates/hd2d_wuxia/assets/enemy/bandit/bandit_r_walk_atlas.dsprite.json,图集描述/图集 PNG,gen_atlases.py,DSEngine Authors,Apache-2.0,G3,21fcd04b396b335c0d7e8be52a531bce102453c3165908879bfd450b95598e07
templates/hd2d_wuxia/assets/enemy/bandit/bandit_r_walk_atlas.png,图集描述/图集 PNG,gen_atlases.py,DSEngine Authors,Apache-2.0,G3,af3c23019028fa3be40d415760862eb362039a164b402f3ece68486370e3f72e
templates/hd2d_wuxia/assets/enemy/bandit/bandit_u_attack_0.png,角色/敌人/NPC/FX 序列帧 PNG,generate_assets.py + gen_lib.py,DSEngine Authors,Apache-2.0,G1,960c9ea42f0b4bf81988ae0149b4de89f35d69feff3b942235ffbef70f372bec
templates/hd2d_wuxia/assets/enemy/bandit/bandit_u_attack_1.png,角色/敌人/NPC/FX 序列帧 PNG,generate_assets.py + gen_lib.py,DSEngine Authors,Apache-2.0,G1,cb07fe7a6f93a1e4f9275b89464f05b17b206dd242b94a69acb36bc2916f4e49
templates/hd2d_wuxia/assets/enemy/bandit/bandit_u_attack_2.png,角色/敌人/NPC/FX 序列帧 PNG,generate_assets.py + gen_lib.py,DSEngine Authors,Apache-2.0,G1,2dadb044886bb9ffd2b637bd0621e5f0fa3ef9c1c45fc056b4698a3a04d3f956
templates/hd2d_wuxia/assets/enemy/bandit/bandit_u_attack_atlas.dsprite.json,图集描述/图集 PNG,gen_atlases.py,DSEngine Authors,Apache-2.0,G3,6c762e34557e34195ad7698146fa4d85c1a791188d1167c906386c472ef91f2f
templates/hd2d_wuxia/assets/enemy/bandit/bandit_u_attack_atlas.png,图集描述/图集 PNG,gen_atlases.py,DSEngine Authors,Apache-2.0,G3,77630517b243023656dd00eac15695a0ecd1f1e9cec6717a9689a3cc8173bf7f
templates/hd2d_wuxia/assets/enemy/bandit/bandit_u_die_0.png,角色/敌人/NPC/FX 序列帧 PNG,generate_assets.py + gen_lib.py,DSEngine Authors,Apache-2.0,G1,8c52ba26135d99e0c34864fef5d00b9373d376da4939b918fb0583cf3cad5ca1
templates/hd2d_wuxia/assets/enemy/bandit/bandit_u_die_1.png,角色/敌人/NPC/FX 序列帧 PNG,generate_assets.py + gen_lib.py,DSEngine Authors,Apache-2.0,G1,0300be7f05b2a5f919f1e2173e24a7003b3d012673b7046fe665f06e8eca2fa5
templates/hd2d_wuxia/assets/enemy/bandit/bandit_u_die_2.png,角色/敌人/NPC/FX 序列帧 PNG,generate_assets.py + gen_lib.py,DSEngine Authors,Apache-2.0,G1,a744ffa626d5d4783012af0f96666e819066d78aa88f3a812efb97587992f947
templates/hd2d_wuxia/assets/enemy/bandit/bandit_u_die_3.png,角色/敌人/NPC/FX 序列帧 PNG,generate_assets.py + gen_lib.py,DSEngine Authors,Apache-2.0,G1,399a44ed357e95d305dce7d879329707fa3d83b624490bea3ee537ade475cd33
templates/hd2d_wuxia/assets/enemy/bandit/bandit_u_die_atlas.dsprite.json,图集描述/图集 PNG,gen_atlases.py,DSEngine Authors,Apache-2.0,G3,c077f3e8870449fbaea32ec11fb651a5daaf7660d10040a2365db578369ece2e
templates/hd2d_wuxia/assets/enemy/bandit/bandit_u_die_atlas.png,图集描述/图集 PNG,gen_atlases.py,DSEngine Authors,Apache-2.0,G3,bf593988f0fbb9d5ad63b3a1d3016d756a30c58cc535cb24412ef5c3eb923d30
templates/hd2d_wuxia/assets/enemy/bandit/bandit_u_hurt_0.png,角色/敌人/NPC/FX 序列帧 PNG,generate_assets.py + gen_lib.py,DSEngine Authors,Apache-2.0,G1,4ee021d1453c16d77494bfa8e7357ba040a7910daff50f181dd0bc0a1a6944e6
templates/hd2d_wuxia/assets/enemy/bandit/bandit_u_hurt_atlas.dsprite.json,图集描述/图集 PNG,gen_atlases.py,DSEngine Authors,Apache-2.0,G3,483eec288387d102092792845854c9aba2c3af8a3b58729cf5f10363f7f559e2
templates/hd2d_wuxia/assets/enemy/bandit/bandit_u_hurt_atlas.png,图集描述/图集 PNG,gen_atlases.py,DSEngine Authors,Apache-2.0,G3,0d67ad759d36eadb8ef0b1627ac368619395fc820effff121cea1b2e35e98d63
templates/hd2d_wuxia/assets/enemy/bandit/bandit_u_idle_0.png,角色/敌人/NPC/FX 序列帧 PNG,generate_assets.py + gen_lib.py,DSEngine Authors,Apache-2.0,G1,51ec2f04f4b4a154afe5a8217a53ff2658a67bd7bc9a44cfbc767a01b6c59138
templates/hd2d_wuxia/assets/enemy/bandit/bandit_u_idle_1.png,角色/敌人/NPC/FX 序列帧 PNG,generate_assets.py + gen_lib.py,DSEngine Authors,Apache-2.0,G1,d0d1ff02358001999ad45d87a3393e72f1bde17dfd60f6ccb05cc995e0b01e75
templates/hd2d_wuxia/assets/enemy/bandit/bandit_u_idle_2.png,角色/敌人/NPC/FX 序列帧 PNG,generate_assets.py + gen_lib.py,DSEngine Authors,Apache-2.0,G1,51ec2f04f4b4a154afe5a8217a53ff2658a67bd7bc9a44cfbc767a01b6c59138
templates/hd2d_wuxia/assets/enemy/bandit/bandit_u_idle_atlas.dsprite.json,图集描述/图集 PNG,gen_atlases.py,DSEngine Authors,Apache-2.0,G3,c7c3ad8a76f231b9fdb80ba8f5e990779adb37f5ca66c9c817b1ece10e547832
templates/hd2d_wuxia/assets/enemy/bandit/bandit_u_idle_atlas.png,图集描述/图集 PNG,gen_atlases.py,DSEngine Authors,Apache-2.0,G3,9d349cd3e4959a906ee02be46c9bc3258c097f0af163ec8afe9b653b5115877e
templates/hd2d_wuxia/assets/enemy/bandit/bandit_u_walk_0.png,角色/敌人/NPC/FX 序列帧 PNG,generate_assets.py + gen_lib.py,DSEngine Authors,Apache-2.0,G1,51ec2f04f4b4a154afe5a8217a53ff2658a67bd7bc9a44cfbc767a01b6c59138
templates/hd2d_wuxia/assets/enemy/bandit/bandit_u_walk_1.png,角色/敌人/NPC/FX 序列帧 PNG,generate_assets.py + gen_lib.py,DSEngine Authors,Apache-2.0,G1,1dc0a5ff7e5f191c31741a9ff7b9bee5829a2672fedfa4ae5d664b2157566e72
templates/hd2d_wuxia/assets/enemy/bandit/bandit_u_walk_2.png,角色/敌人/NPC/FX 序列帧 PNG,generate_assets.py + gen_lib.py,DSEngine Authors,Apache-2.0,G1,51ec2f04f4b4a154afe5a8217a53ff2658a67bd7bc9a44cfbc767a01b6c59138
templates/hd2d_wuxia/assets/enemy/bandit/bandit_u_walk_3.png,角色/敌人/NPC/FX 序列帧 PNG,generate_assets.py + gen_lib.py,DSEngine Authors,Apache-2.0,G1,73526b79e0535ddb3c47f630995f40b71832656314c8eba63359bddf3f9443e9
templates/hd2d_wuxia/assets/enemy/bandit/bandit_u_walk_atlas.dsprite.json,图集描述/图集 PNG,gen_atlases.py,DSEngine Authors,Apache-2.0,G3,1925ce6c638b4a00d33811c1aaa1a8e99d8f782d6d1b5f1c67d4f83c5cc15e44
templates/hd2d_wuxia/assets/enemy/bandit/bandit_u_walk_atlas.png,图集描述/图集 PNG,gen_atlases.py,DSEngine Authors,Apache-2.0,G3,230664fa26187568ee380fa0153e5332c1fb5dc03cb16a3d5f066fc2ea81d57a
templates/hd2d_wuxia/assets/enemy/boss/boss_d_attack_0.png,角色/敌人/NPC/FX 序列帧 PNG,generate_assets.py + gen_lib.py,DSEngine Authors,Apache-2.0,G1,8e0106f7284f0c5af5efa0b5465f300d76bc61744219c2244f0c044f2bb94c1a
templates/hd2d_wuxia/assets/enemy/boss/boss_d_attack_1.png,角色/敌人/NPC/FX 序列帧 PNG,generate_assets.py + gen_lib.py,DSEngine Authors,Apache-2.0,G1,46188956787c81bd54a8a5b7b400016ccf7c368f4d3aefcb7b5d5e7766a99ab3
templates/hd2d_wuxia/assets/enemy/boss/boss_d_attack_2.png,角色/敌人/NPC/FX 序列帧 PNG,generate_assets.py + gen_lib.py,DSEngine Authors,Apache-2.0,G1,b3b2a5fb494a66bf4b99f9ebebf834bd3e65e5c91398d057e579a8cb115b3198
templates/hd2d_wuxia/assets/enemy/boss/boss_d_attack_3.png,角色/敌人/NPC/FX 序列帧 PNG,generate_assets.py + gen_lib.py,DSEngine Authors,Apache-2.0,G1,d40ad5d2e8497f7c9c92956cd08a63f77cb138e496b54882fed355b672815373
templates/hd2d_wuxia/assets/enemy/boss/boss_d_attack_atlas.dsprite.json,图集描述/图集 PNG,gen_atlases.py,DSEngine Authors,Apache-2.0,G3,6b9d88640666f75c84b3ad9e6ea890740d1a5cb54bce2a85b45526e7203b2cbf
templates/hd2d_wuxia/assets/enemy/boss/boss_d_attack_atlas.png,图集描述/图集 PNG,gen_atlases.py,DSEngine Authors,Apache-2.0,G3,a66657add3fdc5b8aa611810ad43b752ef800040af409a49bde633f84d73546f
templates/hd2d_wuxia/assets/enemy/boss/boss_d_die_0.png,角色/敌人/NPC/FX 序列帧 PNG,generate_assets.py + gen_lib.py,DSEngine Authors,Apache-2.0,G1,cf88d49ae831dc70c092af7738529dd387c58523616bbec7ec25497191898c44
templates/hd2d_wuxia/assets/enemy/boss/boss_d_die_1.png,角色/敌人/NPC/FX 序列帧 PNG,generate_assets.py + gen_lib.py,DSEngine Authors,Apache-2.0,G1,7b4f5d7f659e4ed66ebbe8caca1f2e83ee9c6adf9feb1859e05acd8a5cc72622
templates/hd2d_wuxia/assets/enemy/boss/boss_d_die_2.png,角色/敌人/NPC/FX 序列帧 PNG,generate_assets.py + gen_lib.py,DSEngine Authors,Apache-2.0,G1,005517d8388a8ab6131cdc9f7a0f8fde3d80e07c7c7801c147fee6da7cac86b5
templates/hd2d_wuxia/assets/enemy/boss/boss_d_die_3.png,角色/敌人/NPC/FX 序列帧 PNG,generate_assets.py + gen_lib.py,DSEngine Authors,Apache-2.0,G1,df50413337147f20d99c81d08fde9d8beaaf7ce9fa129525084c61677347c415
templates/hd2d_wuxia/assets/enemy/boss/boss_d_die_4.png,角色/敌人/NPC/FX 序列帧 PNG,generate_assets.py + gen_lib.py,DSEngine Authors,Apache-2.0,G1,cc6a727b5048e8bd315ba0e18a7c14c2d33ee63d101ec05584ef8c4a4df800f9
templates/hd2d_wuxia/assets/enemy/boss/boss_d_die_5.png,角色/敌人/NPC/FX 序列帧 PNG,generate_assets.py + gen_lib.py,DSEngine Authors,Apache-2.0,G1,bc0811b4c60909837d99cb71f11730c3e08eaada85d1c6279c0606f5332590d1
templates/hd2d_wuxia/assets/enemy/boss/boss_d_die_atlas.dsprite.json,图集描述/图集 PNG,gen_atlases.py,DSEngine Authors,Apache-2.0,G3,f3b5ae81eac350f6ef208f7befe50de711e79b0e8411f3624cca7dfab1b47b1e
templates/hd2d_wuxia/assets/enemy/boss/boss_d_die_atlas.png,图集描述/图集 PNG,gen_atlases.py,DSEngine Authors,Apache-2.0,G3,069dcd78ba55bba9ca92e2e3ef1570755bed08388dc9ef95d3c034c2322e12b7
templates/hd2d_wuxia/assets/enemy/boss/boss_d_hurt_0.png,角色/敌人/NPC/FX 序列帧 PNG,generate_assets.py + gen_lib.py,DSEngine Authors,Apache-2.0,G1,5431772416dd0573ae784062e770223e495d47c78cca6212223e9ce54ad20a3e
templates/hd2d_wuxia/assets/enemy/boss/boss_d_hurt_atlas.dsprite.json,图集描述/图集 PNG,gen_atlases.py,DSEngine Authors,Apache-2.0,G3,8f63483165d2b4578e73e681fb1dcf746b901258c1c64fd20a1ccffacb8a4bf0
templates/hd2d_wuxia/assets/enemy/boss/boss_d_hurt_atlas.png,图集描述/图集 PNG,gen_atlases.py,DSEngine Authors,Apache-2.0,G3,70fdf0a64f48319d531b2ae1bc7809c42fa4eff92affc4ea98fa056bf47bdca9
templates/hd2d_wuxia/assets/enemy/boss/boss_d_idle_0.png,角色/敌人/NPC/FX 序列帧 PNG,generate_assets.py + gen_lib.py,DSEngine Authors,Apache-2.0,G1,ed63a556b0825b463a4e57702cf3dfeead8fb4352f0b300f36505cf71f202950
templates/hd2d_wuxia/assets/enemy/boss/boss_d_idle_1.png,角色/敌人/NPC/FX 序列帧 PNG,generate_assets.py + gen_lib.py,DSEngine Authors,Apache-2.0,G1,ac489f6fbdf92e6beb2f0a5473047217cff5ae05b9cf9886404e18620009b9ec
templates/hd2d_wuxia/assets/enemy/boss/boss_d_idle_2.png,角色/敌人/NPC/FX 序列帧 PNG,generate_assets.py + gen_lib.py,DSEngine Authors,Apache-2.0,G1,ed63a556b0825b463a4e57702cf3dfeead8fb4352f0b300f36505cf71f202950
templates/hd2d_wuxia/assets/enemy/boss/boss_d_idle_3.png,角色/敌人/NPC/FX 序列帧 PNG,generate_assets.py + gen_lib.py,DSEngine Authors,Apache-2.0,G1,ac489f6fbdf92e6beb2f0a5473047217cff5ae05b9cf9886404e18620009b9ec
templates/hd2d_wuxia/assets/enemy/boss/boss_d_idle_atlas.dsprite.json,图集描述/图集 PNG,gen_atlases.py,DSEngine Authors,Apache-2.0,G3,ea9cd4791e3a18bcdfca14d9e2ff8552813685aa8cca9a5bdc57bc8d300fbae8
templates/hd2d_wuxia/assets/enemy/boss/boss_d_idle_atlas.png,图集描述/图集 PNG,gen_atlases.py,DSEngine Authors,Apache-2.0,G3,498462f2f69c49025bedb41cb66c37f034f31a4230141c12953593442b54b92f
templates/hd2d_wuxia/assets/enemy/boss/boss_d_walk_0.png,角色/敌人/NPC/FX 序列帧 PNG,generate_assets.py + gen_lib.py,DSEngine Authors,Apache-2.0,G1,2c1b444f497990ae298946761942a7d232b041302a40867c9b748de3a1b8a28b
templates/hd2d_wuxia/assets/enemy/boss/boss_d_walk_1.png,角色/敌人/NPC/FX 序列帧 PNG,generate_assets.py + gen_lib.py,DSEngine Authors,Apache-2.0,G1,c8ae736cd8da0b4f05e5c3754e0c3683d8ced6ab3453e0ebfd111878e20d55e0
templates/hd2d_wuxia/assets/enemy/boss/boss_d_walk_2.png,角色/敌人/NPC/FX 序列帧 PNG,generate_assets.py + gen_lib.py,DSEngine Authors,Apache-2.0,G1,c8ae736cd8da0b4f05e5c3754e0c3683d8ced6ab3453e0ebfd111878e20d55e0
templates/hd2d_wuxia/assets/enemy/boss/boss_d_walk_3.png,角色/敌人/NPC/FX 序列帧 PNG,generate_assets.py + gen_lib.py,DSEngine Authors,Apache-2.0,G1,2c1b444f497990ae298946761942a7d232b041302a40867c9b748de3a1b8a28b
templates/hd2d_wuxia/assets/enemy/boss/boss_d_walk_4.png,角色/敌人/NPC/FX 序列帧 PNG,generate_assets.py + gen_lib.py,DSEngine Authors,Apache-2.0,G1,565b66764034a914f83720a8c38d26852a9b0c13e1df1138d26b9a736bf178f5
templates/hd2d_wuxia/assets/enemy/boss/boss_d_walk_5.png,角色/敌人/NPC/FX 序列帧 PNG,generate_assets.py + gen_lib.py,DSEngine Authors,Apache-2.0,G1,565b66764034a914f83720a8c38d26852a9b0c13e1df1138d26b9a736bf178f5
templates/hd2d_wuxia/assets/enemy/boss/boss_d_walk_atlas.dsprite.json,图集描述/图集 PNG,gen_atlases.py,DSEngine Authors,Apache-2.0,G3,9d816ef2b155f55c4b73138034ff2a89cf63f2ce992ac71200e55a8924b86da3
templates/hd2d_wuxia/assets/enemy/boss/boss_d_walk_atlas.png,图集描述/图集 PNG,gen_atlases.py,DSEngine Authors,Apache-2.0,G3,fabf32d67de1ddd593edb03040bf351b58413a27fe4a2d1c016449a59b708366
templates/hd2d_wuxia/assets/enemy/boss/boss_l_attack_0.png,角色/敌人/NPC/FX 序列帧 PNG,generate_assets.py + gen_lib.py,DSEngine Authors,Apache-2.0,G1,43052773e872d57134da2a1cadc2a1ee378df2c948376be9db910e239ff65634
templates/hd2d_wuxia/assets/enemy/boss/boss_l_attack_1.png,角色/敌人/NPC/FX 序列帧 PNG,generate_assets.py + gen_lib.py,DSEngine Authors,Apache-2.0,G1,ef29cc89a2fcd0399f19450c1697ccc5ca62f2b15d412acd7c2e1b67148b482b
templates/hd2d_wuxia/assets/enemy/boss/boss_l_attack_2.png,角色/敌人/NPC/FX 序列帧 PNG,generate_assets.py + gen_lib.py,DSEngine Authors,Apache-2.0,G1,72e6d4e072cb54ba0855839fd5a35776098c961e2657ad8b74dcaa0f8cd44302
templates/hd2d_wuxia/assets/enemy/boss/boss_l_attack_3.png,角色/敌人/NPC/FX 序列帧 PNG,generate_assets.py + gen_lib.py,DSEngine Authors,Apache-2.0,G1,91eec52810a46f0245036f7d3c9d62dbeebf2cf399bbc253502acdccf099c98c
templates/hd2d_wuxia/assets/enemy/boss/boss_l_attack_atlas.dsprite.json,图集描述/图集 PNG,gen_atlases.py,DSEngine Authors,Apache-2.0,G3,64533991a1b47d89a36d62581d79d907e34f4825bfafcf4da295c7f5a13bc743
templates/hd2d_wuxia/assets/enemy/boss/boss_l_attack_atlas.png,图集描述/图集 PNG,gen_atlases.py,DSEngine Authors,Apache-2.0,G3,c390c851520deec604e79fb890e2551a477a13701dedbc620c831fb46f1085d0
templates/hd2d_wuxia/assets/enemy/boss/boss_l_die_0.png,角色/敌人/NPC/FX 序列帧 PNG,generate_assets.py + gen_lib.py,DSEngine Authors,Apache-2.0,G1,2bc28280e22592468fbb6c48210912b9342dee5e770cb8496a25a4849efa876a
templates/hd2d_wuxia/assets/enemy/boss/boss_l_die_1.png,角色/敌人/NPC/FX 序列帧 PNG,generate_assets.py + gen_lib.py,DSEngine Authors,Apache-2.0,G1,0cc9a3e7718d3b01da585ee8b43ede8c7b8d25342bd2625cd1456a499edcd412
templates/hd2d_wuxia/assets/enemy/boss/boss_l_die_2.png,角色/敌人/NPC/FX 序列帧 PNG,generate_assets.py + gen_lib.py,DSEngine Authors,Apache-2.0,G1,51de6bdede8cbdc3262dbcc18e0bd6123449e75470f96a3e936ecef113a8ace4
templates/hd2d_wuxia/assets/enemy/boss/boss_l_die_3.png,角色/敌人/NPC/FX 序列帧 PNG,generate_assets.py + gen_lib.py,DSEngine Authors,Apache-2.0,G1,1e92e7202e6c1eac2caa77b0b218c2d1cc05df70991809603693e4087d50414c
templates/hd2d_wuxia/assets/enemy/boss/boss_l_die_4.png,角色/敌人/NPC/FX 序列帧 PNG,generate_assets.py + gen_lib.py,DSEngine Authors,Apache-2.0,G1,af6ff0fde3bf4c046e1efb8fc7ed62c5a17a28e11da088b54aeea1c326995e70
templates/hd2d_wuxia/assets/enemy/boss/boss_l_die_5.png,角色/敌人/NPC/FX 序列帧 PNG,generate_assets.py + gen_lib.py,DSEngine Authors,Apache-2.0,G1,91c3d0a77ccc50dc1ea2495751f3e1ec882a3f4d940bd6393a7d9c217b33af26
templates/hd2d_wuxia/assets/enemy/boss/boss_l_die_atlas.dsprite.json,图集描述/图集 PNG,gen_atlases.py,DSEngine Authors,Apache-2.0,G3,32202902de72ccaaaa7cd075f1402b66f1bd88b4d5dba19f06d3d8098a4a29ab
templates/hd2d_wuxia/assets/enemy/boss/boss_l_die_atlas.png,图集描述/图集 PNG,gen_atlases.py,DSEngine Authors,Apache-2.0,G3,ad20f90f19f698a129554f5b6e3df0de1d4c5300c45b99a6d92862834c27d7cf
templates/hd2d_wuxia/assets/enemy/boss/boss_l_hurt_0.png,角色/敌人/NPC/FX 序列帧 PNG,generate_assets.py + gen_lib.py,DSEngine Authors,Apache-2.0,G1,a0fbc9ebd68f699e0032adab1407ae48fc32f7753dbbb75a7e171f9ce9e85bbb
templates/hd2d_wuxia/assets/enemy/boss/boss_l_hurt_atlas.dsprite.json,图集描述/图集 PNG,gen_atlases.py,DSEngine Authors,Apache-2.0,G3,29cec9041a4c3e807a37d8c1d3182513428ebcfa0d9321a04d0b4f2fdb9a0750
templates/hd2d_wuxia/assets/enemy/boss/boss_l_hurt_atlas.png,图集描述/图集 PNG,gen_atlases.py,DSEngine Authors,Apache-2.0,G3,74c493e1c6cbcb385de767355a3959929a78589f1e182c8289c567fd1d88e04a
templates/hd2d_wuxia/assets/enemy/boss/boss_l_idle_0.png,角色/敌人/NPC/FX 序列帧 PNG,generate_assets.py + gen_lib.py,DSEngine Authors,Apache-2.0,G1,2159525753e4f887f69b26930d476d74b7a93e12abb7fd392c8760c855b47120
templates/hd2d_wuxia/assets/enemy/boss/boss_l_idle_1.png,角色/敌人/NPC/FX 序列帧 PNG,generate_assets.py + gen_lib.py,DSEngine Authors,Apache-2.0,G1,f03db7cf2a03d28c76b1ea6b862ebe4078ecd21c4275ac6ddc1116565469cdec
templates/hd2d_wuxia/assets/enemy/boss/boss_l_idle_2.png,角色/敌人/NPC/FX 序列帧 PNG,generate_assets.py + gen_lib.py,DSEngine Authors,Apache-2.0,G1,2159525753e4f887f69b26930d476d74b7a93e12abb7fd392c8760c855b47120
templates/hd2d_wuxia/assets/enemy/boss/boss_l_idle_3.png,角色/敌人/NPC/FX 序列帧 PNG,generate_assets.py + gen_lib.py,DSEngine Authors,Apache-2.0,G1,f03db7cf2a03d28c76b1ea6b862ebe4078ecd21c4275ac6ddc1116565469cdec
templates/hd2d_wuxia/assets/enemy/boss/boss_l_idle_atlas.dsprite.json,图集描述/图集 PNG,gen_atlases.py,DSEngine Authors,Apache-2.0,G3,6f654e35f13376d9f4a396776736907980db9108dae59c388f600062d5e71592
templates/hd2d_wuxia/assets/enemy/boss/boss_l_idle_atlas.png,图集描述/图集 PNG,gen_atlases.py,DSEngine Authors,Apache-2.0,G3,aeda8d2c4fe751229834862dd70867812c5391eb3f2e1905a4dc5a74732a33bb
templates/hd2d_wuxia/assets/enemy/boss/boss_l_walk_0.png,角色/敌人/NPC/FX 序列帧 PNG,generate_assets.py + gen_lib.py,DSEngine Authors,Apache-2.0,G1,2b2d1c9aba1c7b241bc48ac48826b9120a9d01d42d045f05babdca67a3b4553c
templates/hd2d_wuxia/assets/enemy/boss/boss_l_walk_1.png,角色/敌人/NPC/FX 序列帧 PNG,generate_assets.py + gen_lib.py,DSEngine Authors,Apache-2.0,G1,27a8e4f6cc2dec5b8638942852783ee00be4ed78625fa0af6b25b75633841df9
templates/hd2d_wuxia/assets/enemy/boss/boss_l_walk_2.png,角色/敌人/NPC/FX 序列帧 PNG,generate_assets.py + gen_lib.py,DSEngine Authors,Apache-2.0,G1,27a8e4f6cc2dec5b8638942852783ee00be4ed78625fa0af6b25b75633841df9
templates/hd2d_wuxia/assets/enemy/boss/boss_l_walk_3.png,角色/敌人/NPC/FX 序列帧 PNG,generate_assets.py + gen_lib.py,DSEngine Authors,Apache-2.0,G1,2b2d1c9aba1c7b241bc48ac48826b9120a9d01d42d045f05babdca67a3b4553c
templates/hd2d_wuxia/assets/enemy/boss/boss_l_walk_4.png,角色/敌人/NPC/FX 序列帧 PNG,generate_assets.py + gen_lib.py,DSEngine Authors,Apache-2.0,G1,e92ffe33162c657c9ad43bba606ebdd5d615d177f348a582a060fb2bf0bf4b3f
templates/hd2d_wuxia/assets/enemy/boss/boss_l_walk_5.png,角色/敌人/NPC/FX 序列帧 PNG,generate_assets.py + gen_lib.py,DSEngine Authors,Apache-2.0,G1,e92ffe33162c657c9ad43bba606ebdd5d615d177f348a582a060fb2bf0bf4b3f
templates/hd2d_wuxia/assets/enemy/boss/boss_l_walk_atlas.dsprite.json,图集描述/图集 PNG,gen_atlases.py,DSEngine Authors,Apache-2.0,G3,910eeee95945a1a931a322ffdfd4541a6ff2a87afcbb672cb63ff5f7a0ba3b38
templates/hd2d_wuxia/assets/enemy/boss/boss_l_walk_atlas.png,图集描述/图集 PNG,gen_atlases.py,DSEngine Authors,Apache-2.0,G3,765bac5dafb18f4316f82835503fc14d7cd1a436f092e5747026db867faae44f
templates/hd2d_wuxia/assets/enemy/boss/boss_r_attack_0.png,角色/敌人/NPC/FX 序列帧 PNG,generate_assets.py + gen_lib.py,DSEngine Authors,Apache-2.0,G1,2496da0e5ec6c41b2b578eb279836e6f613c6ff7efe3024dbb2a4be571e57b09
templates/hd2d_wuxia/assets/enemy/boss/boss_r_attack_1.png,角色/敌人/NPC/FX 序列帧 PNG,generate_assets.py + gen_lib.py,DSEngine Authors,Apache-2.0,G1,6727a0c728ee9970034a85728f739acf9525fbfae0c8bf2ff45b55a759c47693
templates/hd2d_wuxia/assets/enemy/boss/boss_r_attack_2.png,角色/敌人/NPC/FX 序列帧 PNG,generate_assets.py + gen_lib.py,DSEngine Authors,Apache-2.0,G1,b30bdd2d8e5c273ca578662243ff12175d968e2e2730ddc729757608ddfa648a
templates/hd2d_wuxia/assets/enemy/boss/boss_r_attack_3.png,角色/敌人/NPC/FX 序列帧 PNG,generate_assets.py + gen_lib.py,DSEngine Authors,Apache-2.0,G1,f12af5fe2eba0b6d34bebe401a567e6f53ea3fd1bf447d3409ef720b237a67ab
templates/hd2d_wuxia/assets/enemy/boss/boss_r_attack_atlas.dsprite.json,图集描述/图集 PNG,gen_atlases.py,DSEngine Authors,Apache-2.0,G3,01c9a9dbc9ba191186d4e4584fca2b7241b260876cb3ea0b7423069c3089c474
templates/hd2d_wuxia/assets/enemy/boss/boss_r_attack_atlas.png,图集描述/图集 PNG,gen_atlases.py,DSEngine Authors,Apache-2.0,G3,7977d73f0c19af4bd9f8a9b6bb7697e433b9b0421e443077a040f63448e4095c
templates/hd2d_wuxia/assets/enemy/boss/boss_r_die_0.png,角色/敌人/NPC/FX 序列帧 PNG,generate_assets.py + gen_lib.py,DSEngine Authors,Apache-2.0,G1,c723237a9d9a554437882af85674ad3d5b2edb569915cc6fe3e0fa1bf82bc9de
templates/hd2d_wuxia/assets/enemy/boss/boss_r_die_1.png,角色/敌人/NPC/FX 序列帧 PNG,generate_assets.py + gen_lib.py,DSEngine Authors,Apache-2.0,G1,3ba946070cc4ffb582f4474ed68cf9363cff0301ffd0a3351c806e1f665bc4f3
templates/hd2d_wuxia/assets/enemy/boss/boss_r_die_2.png,角色/敌人/NPC/FX 序列帧 PNG,generate_assets.py + gen_lib.py,DSEngine Authors,Apache-2.0,G1,0ccff1ebf2a6445447740a6530a5a70542a933b401bac00e5729bc37e3c9b1fe
templates/hd2d_wuxia/assets/enemy/boss/boss_r_die_3.png,角色/敌人/NPC/FX 序列帧 PNG,generate_assets.py + gen_lib.py,DSEngine Authors,Apache-2.0,G1,2b6b363e4716147d7eafa7edd8bf5cce01ef722bc384c3a0460fa85060cf14be
templates/hd2d_wuxia/assets/enemy/boss/boss_r_die_4.png,角色/敌人/NPC/FX 序列帧 PNG,generate_assets.py + gen_lib.py,DSEngine Authors,Apache-2.0,G1,9e4465e7720292f7453ad8ab1448f93da25fa4d2722de33fce5ad2e935e345b9
templates/hd2d_wuxia/assets/enemy/boss/boss_r_die_5.png,角色/敌人/NPC/FX 序列帧 PNG,generate_assets.py + gen_lib.py,DSEngine Authors,Apache-2.0,G1,a417be1eee3e0b24dfa37016726226a4c0d4d3c9cbaff9d5b082ab99762aeccd
templates/hd2d_wuxia/assets/enemy/boss/boss_r_die_atlas.dsprite.json,图集描述/图集 PNG,gen_atlases.py,DSEngine Authors,Apache-2.0,G3,804419aeafe3444fbf5d620782e952547a1429d2ca9a6a111a76b27df6972f75
templates/hd2d_wuxia/assets/enemy/boss/boss_r_die_atlas.png,图集描述/图集 PNG,gen_atlases.py,DSEngine Authors,Apache-2.0,G3,c25073dd5ae12710f50a39490cb3347a6ba6c59997f4ed9ee280516e8818266d
templates/hd2d_wuxia/assets/enemy/boss/boss_r_hurt_0.png,角色/敌人/NPC/FX 序列帧 PNG,generate_assets.py + gen_lib.py,DSEngine Authors,Apache-2.0,G1,302f25a45a8dea78d2b36c564d1d9f806acee1520166fcdeb1218dcbbfd5b57f
templates/hd2d_wuxia/assets/enemy/boss/boss_r_hurt_atlas.dsprite.json,图集描述/图集 PNG,gen_atlases.py,DSEngine Authors,Apache-2.0,G3,fcac326d8fd3f5b7e31dae635a49a0cc27174bd3074173efd472ea1ef2777b0d
templates/hd2d_wuxia/assets/enemy/boss/boss_r_hurt_atlas.png,图集描述/图集 PNG,gen_atlases.py,DSEngine Authors,Apache-2.0,G3,4a20122c8ee599ea276a21fb35fea52b1127f6df1bdd1b9216536663a05f9f9f
templates/hd2d_wuxia/assets/enemy/boss/boss_r_idle_0.png,角色/敌人/NPC/FX 序列帧 PNG,generate_assets.py + gen_lib.py,DSEngine Authors,Apache-2.0,G1,d99191a13c7b5b923b5dd26d09aeb0a956a216ba5d503a9cad7cde0ee5a0cb4f
templates/hd2d_wuxia/assets/enemy/boss/boss_r_idle_1.png,角色/敌人/NPC/FX 序列帧 PNG,generate_assets.py + gen_lib.py,DSEngine Authors,Apache-2.0,G1,6bbdfcff8181c0c67324deb5634b20e838c872a9bdb9842757e3877561385fc8
templates/hd2d_wuxia/assets/enemy/boss/boss_r_idle_2.png,角色/敌人/NPC/FX 序列帧 PNG,generate_assets.py + gen_lib.py,DSEngine Authors,Apache-2.0,G1,d99191a13c7b5b923b5dd26d09aeb0a956a216ba5d503a9cad7cde0ee5a0cb4f
templates/hd2d_wuxia/assets/enemy/boss/boss_r_idle_3.png,角色/敌人/NPC/FX 序列帧 PNG,generate_assets.py + gen_lib.py,DSEngine Authors,Apache-2.0,G1,6bbdfcff8181c0c67324deb5634b20e838c872a9bdb9842757e3877561385fc8
templates/hd2d_wuxia/assets/enemy/boss/boss_r_idle_atlas.dsprite.json,图集描述/图集 PNG,gen_atlases.py,DSEngine Authors,Apache-2.0,G3,72ef7034b3d2169a54aa0a3f20d873e2fc26fe814dd556a9a939e172b8e2b952
templates/hd2d_wuxia/assets/enemy/boss/boss_r_idle_atlas.png,图集描述/图集 PNG,gen_atlases.py,DSEngine Authors,Apache-2.0,G3,5a4e4e32d78fdbfa34a482ec0276d483850df3664ed3ee339612e85ea5850522
templates/hd2d_wuxia/assets/enemy/boss/boss_r_walk_0.png,角色/敌人/NPC/FX 序列帧 PNG,generate_assets.py + gen_lib.py,DSEngine Authors,Apache-2.0,G1,5e698dfbe49139135a887f1f7e6c766e8527afaebe28405b68155ad0b9693187
templates/hd2d_wuxia/assets/enemy/boss/boss_r_walk_1.png,角色/敌人/NPC/FX 序列帧 PNG,generate_assets.py + gen_lib.py,DSEngine Authors,Apache-2.0,G1,110eb0bf92553e2da7e8957fb744a396587a53cd2b32007e8d59a7abb50a0f38
templates/hd2d_wuxia/assets/enemy/boss/boss_r_walk_2.png,角色/敌人/NPC/FX 序列帧 PNG,generate_assets.py + gen_lib.py,DSEngine Authors,Apache-2.0,G1,110eb0bf92553e2da7e8957fb744a396587a53cd2b32007e8d59a7abb50a0f38
templates/hd2d_wuxia/assets/enemy/boss/boss_r_walk_3.png,角色/敌人/NPC/FX 序列帧 PNG,generate_assets.py + gen_lib.py,DSEngine Authors,Apache-2.0,G1,5e698dfbe49139135a887f1f7e6c766e8527afaebe28405b68155ad0b9693187
templates/hd2d_wuxia/assets/enemy/boss/boss_r_walk_4.png,角色/敌人/NPC/FX 序列帧 PNG,generate_assets.py + gen_lib.py,DSEngine Authors,Apache-2.0,G1,033ee82e602073b6d2aa5198b8a540e48ba34d075894f144e86a281d813adf58
templates/hd2d_wuxia/assets/enemy/boss/boss_r_walk_5.png,角色/敌人/NPC/FX 序列帧 PNG,generate_assets.py + gen_lib.py,DSEngine Authors,Apache-2.0,G1,033ee82e602073b6d2aa5198b8a540e48ba34d075894f144e86a281d813adf58
templates/hd2d_wuxia/assets/enemy/boss/boss_r_walk_atlas.dsprite.json,图集描述/图集 PNG,gen_atlases.py,DSEngine Authors,Apache-2.0,G3,2beeb4459c638dbe13cbd9c80eb7f172b63ebf313bdd02eddcd9635a1e89dee3
templates/hd2d_wuxia/assets/enemy/boss/boss_r_walk_atlas.png,图集描述/图集 PNG,gen_atlases.py,DSEngine Authors,Apache-2.0,G3,0b8133bdb1fb59d005a429e17ecec7f76b3c3f16da72389562cac2d8a3866a98
templates/hd2d_wuxia/assets/enemy/boss/boss_u_attack_0.png,角色/敌人/NPC/FX 序列帧 PNG,generate_assets.py + gen_lib.py,DSEngine Authors,Apache-2.0,G1,721dedb2922bcb26feb48b1ee14e77214094daa891c5d6023aa562218bc0fe4c
templates/hd2d_wuxia/assets/enemy/boss/boss_u_attack_1.png,角色/敌人/NPC/FX 序列帧 PNG,generate_assets.py + gen_lib.py,DSEngine Authors,Apache-2.0,G1,2f11fe656c80699e941871718d0531954f3011626e0235161d55a888ab481450
templates/hd2d_wuxia/assets/enemy/boss/boss_u_attack_2.png,角色/敌人/NPC/FX 序列帧 PNG,generate_assets.py + gen_lib.py,DSEngine Authors,Apache-2.0,G1,3b98feef73564e22340d8da9f811dd4634482cc6551f1316e05711f2f7b347f1
templates/hd2d_wuxia/assets/enemy/boss/boss_u_attack_3.png,角色/敌人/NPC/FX 序列帧 PNG,generate_assets.py + gen_lib.py,DSEngine Authors,Apache-2.0,G1,67219eb45a94ecca1b9faf683ccceda755c5b279e8a8d14198e5c050005203bc
templates/hd2d_wuxia/assets/enemy/boss/boss_u_attack_atlas.dsprite.json,图集描述/图集 PNG,gen_atlases.py,DSEngine Authors,Apache-2.0,G3,568ba139e077edf343a2c41c35ff8fba4b47493319ee274b09c423f635dbcf59
templates/hd2d_wuxia/assets/enemy/boss/boss_u_attack_atlas.png,图集描述/图集 PNG,gen_atlases.py,DSEngine Authors,Apache-2.0,G3,1a3e91cfdeceea1f22cb67723d4a2f8e30c33c091e693ab95131302aed78d19c
templates/hd2d_wuxia/assets/enemy/boss/boss_u_die_0.png,角色/敌人/NPC/FX 序列帧 PNG,generate_assets.py + gen_lib.py,DSEngine Authors,Apache-2.0,G1,17d8753a935e2591fb7fdf273acfeb242aba495c5f0f6f89589445f2c8e1e2d5
templates/hd2d_wuxia/assets/enemy/boss/boss_u_die_1.png,角色/敌人/NPC/FX 序列帧 PNG,generate_assets.py + gen_lib.py,DSEngine Authors,Apache-2.0,G1,d326f78c39e7acf57151e44ef56b61b6f2a856ea23a4f4ef01b2e6e5d5333303
templates/hd2d_wuxia/assets/enemy/boss/boss_u_die_2.png,角色/敌人/NPC/FX 序列帧 PNG,generate_assets.py + gen_lib.py,DSEngine Authors,Apache-2.0,G1,ac2dacb0552ad487dcf87dbc7e2dd3b3ed915818d62f54004e60df763d3dd86f
templates/hd2d_wuxia/assets/enemy/boss/boss_u_die_3.png,角色/敌人/NPC/FX 序列帧 PNG,generate_assets.py + gen_lib.py,DSEngine Authors,Apache-2.0,G1,e560570d76d86f56a9bed3346f60401ef3a58a3b915c13d3e23adb3b757df097
templates/hd2d_wuxia/assets/enemy/boss/boss_u_die_4.png,角色/敌人/NPC/FX 序列帧 PNG,generate_assets.py + gen_lib.py,DSEngine Authors,Apache-2.0,G1,8ba526ab24b3c7208b39b34f78e1fbc3334b85ffa7d435b7af96f8302e327a5f
templates/hd2d_wuxia/assets/enemy/boss/boss_u_die_5.png,角色/敌人/NPC/FX 序列帧 PNG,generate_assets.py + gen_lib.py,DSEngine Authors,Apache-2.0,G1,39c5097a4d2e2ebcc4d5febfdbb71029bde1abca7fbaf0003151c99dc2df14dc
templates/hd2d_wuxia/assets/enemy/boss/boss_u_die_atlas.dsprite.json,图集描述/图集 PNG,gen_atlases.py,DSEngine Authors,Apache-2.0,G3,a72dbbf61efc2c7f567e309f8ff0215d651db0893ebd42acb288a44050906207
templates/hd2d_wuxia/assets/enemy/boss/boss_u_die_atlas.png,图集描述/图集 PNG,gen_atlases.py,DSEngine Authors,Apache-2.0,G3,a9793fd26ca760e4baff78afadcb7f3c7d0dfc9ed6be7dc62c2550b9791a50b1
templates/hd2d_wuxia/assets/enemy/boss/boss_u_hurt_0.png,角色/敌人/NPC/FX 序列帧 PNG,generate_assets.py + gen_lib.py,DSEngine Authors,Apache-2.0,G1,ac4997e494350d47999b7719d12d2378cbcdc2b689c6cf3af06c801ca7b44bbd
templates/hd2d_wuxia/assets/enemy/boss/boss_u_hurt_atlas.dsprite.json,图集描述/图集 PNG,gen_atlases.py,DSEngine Authors,Apache-2.0,G3,12d0a1c9220dec7790ba94aeecedfdca8f95ea89020f3845ad6a032b858c8a3b
templates/hd2d_wuxia/assets/enemy/boss/boss_u_hurt_atlas.png,图集描述/图集 PNG,gen_atlases.py,DSEngine Authors,Apache-2.0,G3,bc797b051e253ccaba723b5d9d67bccebe46240b20635bf349cebe37311f4811
templates/hd2d_wuxia/assets/enemy/boss/boss_u_idle_0.png,角色/敌人/NPC/FX 序列帧 PNG,generate_assets.py + gen_lib.py,DSEngine Authors,Apache-2.0,G1,9344b33e5d609e01cd63ba00e8a5834be484dbc79f408e9c360ccce5073355d2
templates/hd2d_wuxia/assets/enemy/boss/boss_u_idle_1.png,角色/敌人/NPC/FX 序列帧 PNG,generate_assets.py + gen_lib.py,DSEngine Authors,Apache-2.0,G1,f7593a9b179218a113e730fe400bcfbff12e59f97402cff75ff9f9895915c19b
templates/hd2d_wuxia/assets/enemy/boss/boss_u_idle_2.png,角色/敌人/NPC/FX 序列帧 PNG,generate_assets.py + gen_lib.py,DSEngine Authors,Apache-2.0,G1,9344b33e5d609e01cd63ba00e8a5834be484dbc79f408e9c360ccce5073355d2
templates/hd2d_wuxia/assets/enemy/boss/boss_u_idle_3.png,角色/敌人/NPC/FX 序列帧 PNG,generate_assets.py + gen_lib.py,DSEngine Authors,Apache-2.0,G1,f7593a9b179218a113e730fe400bcfbff12e59f97402cff75ff9f9895915c19b
templates/hd2d_wuxia/assets/enemy/boss/boss_u_idle_atlas.dsprite.json,图集描述/图集 PNG,gen_atlases.py,DSEngine Authors,Apache-2.0,G3,c29158c2501f059337a490e7165f4973a60e05e63a8c674aa5e4530fa8a11f49
templates/hd2d_wuxia/assets/enemy/boss/boss_u_idle_atlas.png,图集描述/图集 PNG,gen_atlases.py,DSEngine Authors,Apache-2.0,G3,147358b303990e1c484e946dcb0fc4e7e4d0f87f9bc2e3e5d6502f1e92a1d4d9
templates/hd2d_wuxia/assets/enemy/boss/boss_u_walk_0.png,角色/敌人/NPC/FX 序列帧 PNG,generate_assets.py + gen_lib.py,DSEngine Authors,Apache-2.0,G1,1615703c06e483b156b55b9f8b5c1edd81af69c4604f82d68fa16df08d0bd98a
templates/hd2d_wuxia/assets/enemy/boss/boss_u_walk_1.png,角色/敌人/NPC/FX 序列帧 PNG,generate_assets.py + gen_lib.py,DSEngine Authors,Apache-2.0,G1,e40bbbbf2b87e155df880bd360dd686f5135eeb8fa5a3659f855864775742c20
templates/hd2d_wuxia/assets/enemy/boss/boss_u_walk_2.png,角色/敌人/NPC/FX 序列帧 PNG,generate_assets.py + gen_lib.py,DSEngine Authors,Apache-2.0,G1,e40bbbbf2b87e155df880bd360dd686f5135eeb8fa5a3659f855864775742c20
templates/hd2d_wuxia/assets/enemy/boss/boss_u_walk_3.png,角色/敌人/NPC/FX 序列帧 PNG,generate_assets.py + gen_lib.py,DSEngine Authors,Apache-2.0,G1,1615703c06e483b156b55b9f8b5c1edd81af69c4604f82d68fa16df08d0bd98a
templates/hd2d_wuxia/assets/enemy/boss/boss_u_walk_4.png,角色/敌人/NPC/FX 序列帧 PNG,generate_assets.py + gen_lib.py,DSEngine Authors,Apache-2.0,G1,1c897d5d09d23ce311919dd5c81f19564bf2ffd1092ab08df6421d64e72577e1
templates/hd2d_wuxia/assets/enemy/boss/boss_u_walk_5.png,角色/敌人/NPC/FX 序列帧 PNG,generate_assets.py + gen_lib.py,DSEngine Authors,Apache-2.0,G1,1c897d5d09d23ce311919dd5c81f19564bf2ffd1092ab08df6421d64e72577e1
templates/hd2d_wuxia/assets/enemy/boss/boss_u_walk_atlas.dsprite.json,图集描述/图集 PNG,gen_atlases.py,DSEngine Authors,Apache-2.0,G3,61fe2c381406c3c61eb6a843f36fc9a6b830078d5ae87cfafb639dba661568dd
templates/hd2d_wuxia/assets/enemy/boss/boss_u_walk_atlas.png,图集描述/图集 PNG,gen_atlases.py,DSEngine Authors,Apache-2.0,G3,a51b48b391b6fa66264aeca4821d872776accb421045ef08d7dba23aadccbcb2
templates/hd2d_wuxia/assets/enemy/ghost_l_attack_0.png,角色/敌人/NPC/FX 序列帧 PNG,generate_assets.py + gen_lib.py,DSEngine Authors,Apache-2.0,G1,5a4fb4e4962e7f2bbf3ddd9bb461a0c48c58291fe3ae723427a986905188cd85
templates/hd2d_wuxia/assets/enemy/ghost_l_attack_1.png,角色/敌人/NPC/FX 序列帧 PNG,generate_assets.py + gen_lib.py,DSEngine Authors,Apache-2.0,G1,b1ada1460d33017c33f3cd75c9d5ae884f67055a8f20660b7d9b1a8a41139c3f
templates/hd2d_wuxia/assets/enemy/ghost_l_attack_2.png,角色/敌人/NPC/FX 序列帧 PNG,generate_assets.py + gen_lib.py,DSEngine Authors,Apache-2.0,G1,431493806fc246ed10375472b8afdc173dfa13c0282046e99fda1d0c15841aac
templates/hd2d_wuxia/assets/enemy/ghost_l_attack_3.png,角色/敌人/NPC/FX 序列帧 PNG,generate_assets.py + gen_lib.py,DSEngine Authors,Apache-2.0,G1,5f41b0137aa8cc1890a4bc3d22716c32d672f295e862ee238a6c6260159b1dbe
templates/hd2d_wuxia/assets/enemy/ghost_l_attack_atlas.dsprite.json,图集描述/图集 PNG,gen_atlases.py,DSEngine Authors,Apache-2.0,G3,a19e2efdc6ba30222370083d714cbd529f571a585f33230fd41771f02bf46bab
templates/hd2d_wuxia/assets/enemy/ghost_l_attack_atlas.png,图集描述/图集 PNG,gen_atlases.py,DSEngine Authors,Apache-2.0,G3,d70f49017c8a86b45d9c4f0acf0971c58eead315ba0518371d17a2f8dd0f18d7
templates/hd2d_wuxia/assets/enemy/ghost_l_die_0.png,角色/敌人/NPC/FX 序列帧 PNG,generate_assets.py + gen_lib.py,DSEngine Authors,Apache-2.0,G1,795f49c138d5c8b5234606017b050505da834708f4737fe87f07f9aed3eeb742
templates/hd2d_wuxia/assets/enemy/ghost_l_die_1.png,角色/敌人/NPC/FX 序列帧 PNG,generate_assets.py + gen_lib.py,DSEngine Authors,Apache-2.0,G1,bbe9b90e63c6c63313fd1c3a25c809872c6e1cbe9585b6589a3ceaaa7efa2548
templates/hd2d_wuxia/assets/enemy/ghost_l_die_2.png,角色/敌人/NPC/FX 序列帧 PNG,generate_assets.py + gen_lib.py,DSEngine Authors,Apache-2.0,G1,795f49c138d5c8b5234606017b050505da834708f4737fe87f07f9aed3eeb742
templates/hd2d_wuxia/assets/enemy/ghost_l_die_3.png,角色/敌人/NPC/FX 序列帧 PNG,generate_assets.py + gen_lib.py,DSEngine Authors,Apache-2.0,G1,bbe9b90e63c6c63313fd1c3a25c809872c6e1cbe9585b6589a3ceaaa7efa2548
templates/hd2d_wuxia/assets/enemy/ghost_l_die_atlas.dsprite.json,图集描述/图集 PNG,gen_atlases.py,DSEngine Authors,Apache-2.0,G3,63a3b95cf3d28188afdb12f7ccb8ac12882c0ffd438f1b25a09fd9bc772e80be
templates/hd2d_wuxia/assets/enemy/ghost_l_die_atlas.png,图集描述/图集 PNG,gen_atlases.py,DSEngine Authors,Apache-2.0,G3,2041a08d38c79589b61f520414706a8ff75d8285d897de03b7322babba729db4
templates/hd2d_wuxia/assets/enemy/ghost_l_hurt_0.png,角色/敌人/NPC/FX 序列帧 PNG,generate_assets.py + gen_lib.py,DSEngine Authors,Apache-2.0,G1,6a9a2223731b532dc70e0d1300243c75866ca6b9ab879ce8e2757b3bed90acd1
templates/hd2d_wuxia/assets/enemy/ghost_l_hurt_atlas.dsprite.json,图集描述/图集 PNG,gen_atlases.py,DSEngine Authors,Apache-2.0,G3,b30f65bbe6d7349a87c0fd0823bd8f11ce807b8d6ee4e72105db54b1bf477694
templates/hd2d_wuxia/assets/enemy/ghost_l_hurt_atlas.png,图集描述/图集 PNG,gen_atlases.py,DSEngine Authors,Apache-2.0,G3,c62679b9b26f8599b3e7a9085a48d4da7e29ad7bbeb3cf620497bc70d68da25f
templates/hd2d_wuxia/assets/enemy/ghost_l_idle_0.png,角色/敌人/NPC/FX 序列帧 PNG,generate_assets.py + gen_lib.py,DSEngine Authors,Apache-2.0,G1,6a9a2223731b532dc70e0d1300243c75866ca6b9ab879ce8e2757b3bed90acd1
templates/hd2d_wuxia/assets/enemy/ghost_l_idle_1.png,角色/敌人/NPC/FX 序列帧 PNG,generate_assets.py + gen_lib.py,DSEngine Authors,Apache-2.0,G1,e724347cb48dc0034b2af6269dce5bc1fc33afa5a2fe242a940982d293674307
templates/hd2d_wuxia/assets/enemy/ghost_l_idle_2.png,角色/敌人/NPC/FX 序列帧 PNG,generate_assets.py + gen_lib.py,DSEngine Authors,Apache-2.0,G1,21caeb06ae78842fac647a82532b876c7223c58db5a4f14e24c4f642ec5fb7a4
templates/hd2d_wuxia/assets/enemy/ghost_l_idle_3.png,角色/敌人/NPC/FX 序列帧 PNG,generate_assets.py + gen_lib.py,DSEngine Authors,Apache-2.0,G1,424fe5a2c9e7542d5052f1271a40babb55a756b414f35023b292ded8b1658940
templates/hd2d_wuxia/assets/enemy/ghost_l_idle_atlas.dsprite.json,图集描述/图集 PNG,gen_atlases.py,DSEngine Authors,Apache-2.0,G3,48b1837066dc9ddbd174d79523590691a9011a3f0ede14a9ed213a1ccfcadbc0
templates/hd2d_wuxia/assets/enemy/ghost_l_idle_atlas.png,图集描述/图集 PNG,gen_atlases.py,DSEngine Authors,Apache-2.0,G3,99d1bbee51ea8cca35ad22599426ee35b63ef96643e9ec7f370eaff92151f1e9
templates/hd2d_wuxia/assets/enemy/ghost_l_walk_0.png,角色/敌人/NPC/FX 序列帧 PNG,generate_assets.py + gen_lib.py,DSEngine Authors,Apache-2.0,G1,6a9a2223731b532dc70e0d1300243c75866ca6b9ab879ce8e2757b3bed90acd1
templates/hd2d_wuxia/assets/enemy/ghost_l_walk_1.png,角色/敌人/NPC/FX 序列帧 PNG,generate_assets.py + gen_lib.py,DSEngine Authors,Apache-2.0,G1,e724347cb48dc0034b2af6269dce5bc1fc33afa5a2fe242a940982d293674307
templates/hd2d_wuxia/assets/enemy/ghost_l_walk_2.png,角色/敌人/NPC/FX 序列帧 PNG,generate_assets.py + gen_lib.py,DSEngine Authors,Apache-2.0,G1,21caeb06ae78842fac647a82532b876c7223c58db5a4f14e24c4f642ec5fb7a4
templates/hd2d_wuxia/assets/enemy/ghost_l_walk_3.png,角色/敌人/NPC/FX 序列帧 PNG,generate_assets.py + gen_lib.py,DSEngine Authors,Apache-2.0,G1,424fe5a2c9e7542d5052f1271a40babb55a756b414f35023b292ded8b1658940
templates/hd2d_wuxia/assets/enemy/ghost_l_walk_4.png,角色/敌人/NPC/FX 序列帧 PNG,generate_assets.py + gen_lib.py,DSEngine Authors,Apache-2.0,G1,fca8cccbd1f1d1a4c225d715c6115aaac5aaa573fdcc6957384e0400f6bec517
templates/hd2d_wuxia/assets/enemy/ghost_l_walk_5.png,角色/敌人/NPC/FX 序列帧 PNG,generate_assets.py + gen_lib.py,DSEngine Authors,Apache-2.0,G1,1477e8b63afebf3be16626237049d8b7c112ec68496a5aac86d32595047aa0bb
templates/hd2d_wuxia/assets/enemy/ghost_l_walk_atlas.dsprite.json,图集描述/图集 PNG,gen_atlases.py,DSEngine Authors,Apache-2.0,G3,ff14f507f93c07d706f7ab0e61e3f1d562f27e7171817ca762dd17128c195a4b
templates/hd2d_wuxia/assets/enemy/ghost_l_walk_atlas.png,图集描述/图集 PNG,gen_atlases.py,DSEngine Authors,Apache-2.0,G3,e700bfc53ac37a74dac25e3f0fc940594f3ef601affdb21b3fb6b116d0e557de
templates/hd2d_wuxia/assets/enemy/ghost_r_attack_0.png,角色/敌人/NPC/FX 序列帧 PNG,generate_assets.py + gen_lib.py,DSEngine Authors,Apache-2.0,G1,5a4fb4e4962e7f2bbf3ddd9bb461a0c48c58291fe3ae723427a986905188cd85
templates/hd2d_wuxia/assets/enemy/ghost_r_attack_1.png,角色/敌人/NPC/FX 序列帧 PNG,generate_assets.py + gen_lib.py,DSEngine Authors,Apache-2.0,G1,b1ada1460d33017c33f3cd75c9d5ae884f67055a8f20660b7d9b1a8a41139c3f
templates/hd2d_wuxia/assets/enemy/ghost_r_attack_2.png,角色/敌人/NPC/FX 序列帧 PNG,generate_assets.py + gen_lib.py,DSEngine Authors,Apache-2.0,G1,431493806fc246ed10375472b8afdc173dfa13c0282046e99fda1d0c15841aac
templates/hd2d_wuxia/assets/enemy/ghost_r_attack_3.png,角色/敌人/NPC/FX 序列帧 PNG,generate_assets.py + gen_lib.py,DSEngine Authors,Apache-2.0,G1,5f41b0137aa8cc1890a4bc3d22716c32d672f295e862ee238a6c6260159b1dbe
templates/hd2d_wuxia/assets/enemy/ghost_r_attack_atlas.dsprite.json,图集描述/图集 PNG,gen_atlases.py,DSEngine Authors,Apache-2.0,G3,1e5b9d05e070baa1a3ab1484fc2dc31410874de69554153e7f3b5b462ec872a5
templates/hd2d_wuxia/assets/enemy/ghost_r_attack_atlas.png,图集描述/图集 PNG,gen_atlases.py,DSEngine Authors,Apache-2.0,G3,d70f49017c8a86b45d9c4f0acf0971c58eead315ba0518371d17a2f8dd0f18d7
templates/hd2d_wuxia/assets/enemy/ghost_r_die_0.png,角色/敌人/NPC/FX 序列帧 PNG,generate_assets.py + gen_lib.py,DSEngine Authors,Apache-2.0,G1,795f49c138d5c8b5234606017b050505da834708f4737fe87f07f9aed3eeb742
templates/hd2d_wuxia/assets/enemy/ghost_r_die_1.png,角色/敌人/NPC/FX 序列帧 PNG,generate_assets.py + gen_lib.py,DSEngine Authors,Apache-2.0,G1,bbe9b90e63c6c63313fd1c3a25c809872c6e1cbe9585b6589a3ceaaa7efa2548
templates/hd2d_wuxia/assets/enemy/ghost_r_die_2.png,角色/敌人/NPC/FX 序列帧 PNG,generate_assets.py + gen_lib.py,DSEngine Authors,Apache-2.0,G1,795f49c138d5c8b5234606017b050505da834708f4737fe87f07f9aed3eeb742
templates/hd2d_wuxia/assets/enemy/ghost_r_die_3.png,角色/敌人/NPC/FX 序列帧 PNG,generate_assets.py + gen_lib.py,DSEngine Authors,Apache-2.0,G1,bbe9b90e63c6c63313fd1c3a25c809872c6e1cbe9585b6589a3ceaaa7efa2548
templates/hd2d_wuxia/assets/enemy/ghost_r_die_atlas.dsprite.json,图集描述/图集 PNG,gen_atlases.py,DSEngine Authors,Apache-2.0,G3,46088d336c15ef372719e5c5d437a1f30f7cf0dadd7fe540ae04b84e7215f4d1
templates/hd2d_wuxia/assets/enemy/ghost_r_die_atlas.png,图集描述/图集 PNG,gen_atlases.py,DSEngine Authors,Apache-2.0,G3,2041a08d38c79589b61f520414706a8ff75d8285d897de03b7322babba729db4
templates/hd2d_wuxia/assets/enemy/ghost_r_hurt_0.png,角色/敌人/NPC/FX 序列帧 PNG,generate_assets.py + gen_lib.py,DSEngine Authors,Apache-2.0,G1,6a9a2223731b532dc70e0d1300243c75866ca6b9ab879ce8e2757b3bed90acd1
templates/hd2d_wuxia/assets/enemy/ghost_r_hurt_atlas.dsprite.json,图集描述/图集 PNG,gen_atlases.py,DSEngine Authors,Apache-2.0,G3,8473c37fec6c54a18a454c4b0ad05f43d641fa44270a507b00d713d5addb7ee6
templates/hd2d_wuxia/assets/enemy/ghost_r_hurt_atlas.png,图集描述/图集 PNG,gen_atlases.py,DSEngine Authors,Apache-2.0,G3,c62679b9b26f8599b3e7a9085a48d4da7e29ad7bbeb3cf620497bc70d68da25f
templates/hd2d_wuxia/assets/enemy/ghost_r_idle_0.png,角色/敌人/NPC/FX 序列帧 PNG,generate_assets.py + gen_lib.py,DSEngine Authors,Apache-2.0,G1,6a9a2223731b532dc70e0d1300243c75866ca6b9ab879ce8e2757b3bed90acd1
templates/hd2d_wuxia/assets/enemy/ghost_r_idle_1.png,角色/敌人/NPC/FX 序列帧 PNG,generate_assets.py + gen_lib.py,DSEngine Authors,Apache-2.0,G1,e724347cb48dc0034b2af6269dce5bc1fc33afa5a2fe242a940982d293674307
templates/hd2d_wuxia/assets/enemy/ghost_r_idle_2.png,角色/敌人/NPC/FX 序列帧 PNG,generate_assets.py + gen_lib.py,DSEngine Authors,Apache-2.0,G1,21caeb06ae78842fac647a82532b876c7223c58db5a4f14e24c4f642ec5fb7a4
templates/hd2d_wuxia/assets/enemy/ghost_r_idle_3.png,角色/敌人/NPC/FX 序列帧 PNG,generate_assets.py + gen_lib.py,DSEngine Authors,Apache-2.0,G1,424fe5a2c9e7542d5052f1271a40babb55a756b414f35023b292ded8b1658940
templates/hd2d_wuxia/assets/enemy/ghost_r_idle_atlas.dsprite.json,图集描述/图集 PNG,gen_atlases.py,DSEngine Authors,Apache-2.0,G3,e1b68492a55e723e5b5f3f5fa16b39cf5b4a36e6d9f7870e5cc172244a259d99
templates/hd2d_wuxia/assets/enemy/ghost_r_idle_atlas.png,图集描述/图集 PNG,gen_atlases.py,DSEngine Authors,Apache-2.0,G3,99d1bbee51ea8cca35ad22599426ee35b63ef96643e9ec7f370eaff92151f1e9
templates/hd2d_wuxia/assets/enemy/ghost_r_walk_0.png,角色/敌人/NPC/FX 序列帧 PNG,generate_assets.py + gen_lib.py,DSEngine Authors,Apache-2.0,G1,6a9a2223731b532dc70e0d1300243c75866ca6b9ab879ce8e2757b3bed90acd1
templates/hd2d_wuxia/assets/enemy/ghost_r_walk_1.png,角色/敌人/NPC/FX 序列帧 PNG,generate_assets.py + gen_lib.py,DSEngine Authors,Apache-2.0,G1,e724347cb48dc0034b2af6269dce5bc1fc33afa5a2fe242a940982d293674307
templates/hd2d_wuxia/assets/enemy/ghost_r_walk_2.png,角色/敌人/NPC/FX 序列帧 PNG,generate_assets.py + gen_lib.py,DSEngine Authors,Apache-2.0,G1,21caeb06ae78842fac647a82532b876c7223c58db5a4f14e24c4f642ec5fb7a4
templates/hd2d_wuxia/assets/enemy/ghost_r_walk_3.png,角色/敌人/NPC/FX 序列帧 PNG,generate_assets.py + gen_lib.py,DSEngine Authors,Apache-2.0,G1,424fe5a2c9e7542d5052f1271a40babb55a756b414f35023b292ded8b1658940
templates/hd2d_wuxia/assets/enemy/ghost_r_walk_4.png,角色/敌人/NPC/FX 序列帧 PNG,generate_assets.py + gen_lib.py,DSEngine Authors,Apache-2.0,G1,fca8cccbd1f1d1a4c225d715c6115aaac5aaa573fdcc6957384e0400f6bec517
templates/hd2d_wuxia/assets/enemy/ghost_r_walk_5.png,角色/敌人/NPC/FX 序列帧 PNG,generate_assets.py + gen_lib.py,DSEngine Authors,Apache-2.0,G1,1477e8b63afebf3be16626237049d8b7c112ec68496a5aac86d32595047aa0bb
templates/hd2d_wuxia/assets/enemy/ghost_r_walk_atlas.dsprite.json,图集描述/图集 PNG,gen_atlases.py,DSEngine Authors,Apache-2.0,G3,46ef41422f1e168fdd97685104e3d6d2b6c2bcca14c84267c2318192a36834e9
templates/hd2d_wuxia/assets/enemy/ghost_r_walk_atlas.png,图集描述/图集 PNG,gen_atlases.py,DSEngine Authors,Apache-2.0,G3,e700bfc53ac37a74dac25e3f0fc940594f3ef601affdb21b3fb6b116d0e557de
templates/hd2d_wuxia/assets/enemy/wolf_l_attack_0.png,角色/敌人/NPC/FX 序列帧 PNG,generate_assets.py + gen_lib.py,DSEngine Authors,Apache-2.0,G1,ec76f6e0fa47b50630a39ee4dcc081315d6371d770dbc34e73191322d253a154
templates/hd2d_wuxia/assets/enemy/wolf_l_attack_1.png,角色/敌人/NPC/FX 序列帧 PNG,generate_assets.py + gen_lib.py,DSEngine Authors,Apache-2.0,G1,1b6eaabde1c6dee8fb417bfd1a6c331b09fbc74b957df132f84441181c2b6e79
templates/hd2d_wuxia/assets/enemy/wolf_l_attack_2.png,角色/敌人/NPC/FX 序列帧 PNG,generate_assets.py + gen_lib.py,DSEngine Authors,Apache-2.0,G1,1de880e74f638a281606a0a2756e5ab85a6acb908e306694568eb0bc85ede819
templates/hd2d_wuxia/assets/enemy/wolf_l_attack_atlas.dsprite.json,图集描述/图集 PNG,gen_atlases.py,DSEngine Authors,Apache-2.0,G3,4635fbbc32d0e831f4839e5a39759631feeef7bb37b77cdd3ecd8a5fa841121f
templates/hd2d_wuxia/assets/enemy/wolf_l_attack_atlas.png,图集描述/图集 PNG,gen_atlases.py,DSEngine Authors,Apache-2.0,G3,e7ac3b9ca0863cf192269c1b4294b667ebcdb893cc40e9742cd356ada3bc8511
templates/hd2d_wuxia/assets/enemy/wolf_l_die_0.png,角色/敌人/NPC/FX 序列帧 PNG,generate_assets.py + gen_lib.py,DSEngine Authors,Apache-2.0,G1,1b6eaabde1c6dee8fb417bfd1a6c331b09fbc74b957df132f84441181c2b6e79
templates/hd2d_wuxia/assets/enemy/wolf_l_die_1.png,角色/敌人/NPC/FX 序列帧 PNG,generate_assets.py + gen_lib.py,DSEngine Authors,Apache-2.0,G1,8b11f0e9af211e096eebc989aaef8a2750118c075a15d7a410a1d3ce6455f234
templates/hd2d_wuxia/assets/enemy/wolf_l_die_2.png,角色/敌人/NPC/FX 序列帧 PNG,generate_assets.py + gen_lib.py,DSEngine Authors,Apache-2.0,G1,1b6eaabde1c6dee8fb417bfd1a6c331b09fbc74b957df132f84441181c2b6e79
templates/hd2d_wuxia/assets/enemy/wolf_l_die_3.png,角色/敌人/NPC/FX 序列帧 PNG,generate_assets.py + gen_lib.py,DSEngine Authors,Apache-2.0,G1,8b11f0e9af211e096eebc989aaef8a2750118c075a15d7a410a1d3ce6455f234
templates/hd2d_wuxia/assets/enemy/wolf_l_die_atlas.dsprite.json,图集描述/图集 PNG,gen_atlases.py,DSEngine Authors,Apache-2.0,G3,0041ad0ffafaff755f7de0243e8d741b501898a192ea093643768b0f8eddabb9
templates/hd2d_wuxia/assets/enemy/wolf_l_die_atlas.png,图集描述/图集 PNG,gen_atlases.py,DSEngine Authors,Apache-2.0,G3,3b2bf9d27e26a86cc2c31a6ca83a2830e291f5737c8c60bbc69cc010d8357dec
templates/hd2d_wuxia/assets/enemy/wolf_l_hurt_0.png,角色/敌人/NPC/FX 序列帧 PNG,generate_assets.py + gen_lib.py,DSEngine Authors,Apache-2.0,G1,b43d0b0ba0914624fa707f862700cf4b036b4eec3dea775eb3cbb9c6285382d9
templates/hd2d_wuxia/assets/enemy/wolf_l_hurt_atlas.dsprite.json,图集描述/图集 PNG,gen_atlases.py,DSEngine Authors,Apache-2.0,G3,fdb5e4f14f86ef4a18536371b5865871d89c40255abe33cbcd5d50f0236ab7da
templates/hd2d_wuxia/assets/enemy/wolf_l_hurt_atlas.png,图集描述/图集 PNG,gen_atlases.py,DSEngine Authors,Apache-2.0,G3,0f49250517e3d3f6fbb8a9856dfbf280f4c15cd9330273ea6d257673c4458aaf
templates/hd2d_wuxia/assets/enemy/wolf_l_idle_0.png,角色/敌人/NPC/FX 序列帧 PNG,generate_assets.py + gen_lib.py,DSEngine Authors,Apache-2.0,G1,ec76f6e0fa47b50630a39ee4dcc081315d6371d770dbc34e73191322d253a154
templates/hd2d_wuxia/assets/enemy/wolf_l_idle_1.png,角色/敌人/NPC/FX 序列帧 PNG,generate_assets.py + gen_lib.py,DSEngine Authors,Apache-2.0,G1,1cd5576f431591e51587b25548c6a3b0b2a2c9f9b0f52db05f1d4f682f0de61e
templates/hd2d_wuxia/assets/enemy/wolf_l_idle_2.png,角色/敌人/NPC/FX 序列帧 PNG,generate_assets.py + gen_lib.py,DSEngine Authors,Apache-2.0,G1,ec76f6e0fa47b50630a39ee4dcc081315d6371d770dbc34e73191322d253a154
templates/hd2d_wuxia/assets/enemy/wolf_l_idle_atlas.dsprite.json,图集描述/图集 PNG,gen_atlases.py,DSEngine Authors,Apache-2.0,G3,81508761d3dc1a5bdb1620a79dcfa52f91c16d18a649ccecf819cd7bfc698e88
templates/hd2d_wuxia/assets/enemy/wolf_l_idle_atlas.png,图集描述/图集 PNG,gen_atlases.py,DSEngine Authors,Apache-2.0,G3,188f935a4e0b40f00923365ea0dc5413f03f40c4cea1453480eae4c77d52f761
templates/hd2d_wuxia/assets/enemy/wolf_l_walk_0.png,角色/敌人/NPC/FX 序列帧 PNG,generate_assets.py + gen_lib.py,DSEngine Authors,Apache-2.0,G1,ec76f6e0fa47b50630a39ee4dcc081315d6371d770dbc34e73191322d253a154
templates/hd2d_wuxia/assets/enemy/wolf_l_walk_1.png,角色/敌人/NPC/FX 序列帧 PNG,generate_assets.py + gen_lib.py,DSEngine Authors,Apache-2.0,G1,19c7649089be9b79dcc6157a8e90b9fc79c3330843c7c4e8808fdcc9920cbf00
templates/hd2d_wuxia/assets/enemy/wolf_l_walk_2.png,角色/敌人/NPC/FX 序列帧 PNG,generate_assets.py + gen_lib.py,DSEngine Authors,Apache-2.0,G1,e35e823d7ca3ed058f2c1dc79ff8d500c4c3b0104106f3cb8c8b6578e5dd548b
templates/hd2d_wuxia/assets/enemy/wolf_l_walk_3.png,角色/敌人/NPC/FX 序列帧 PNG,generate_assets.py + gen_lib.py,DSEngine Authors,Apache-2.0,G1,1cd5576f431591e51587b25548c6a3b0b2a2c9f9b0f52db05f1d4f682f0de61e
templates/hd2d_wuxia/assets/enemy/wolf_l_walk_4.png,角色/敌人/NPC/FX 序列帧 PNG,generate_assets.py + gen_lib.py,DSEngine Authors,Apache-2.0,G1,b459efbe58cbe9429c0dd283d72fc69732100ec5794ee26940f77a7c1955f08a
templates/hd2d_wuxia/assets/enemy/wolf_l_walk_5.png,角色/敌人/NPC/FX 序列帧 PNG,generate_assets.py + gen_lib.py,DSEngine Authors,Apache-2.0,G1,ec11a020d717f2f42cd31c9d8d17cc6000ce8a9e47d9ff02b390cfb621d1f7f4
templates/hd2d_wuxia/assets/enemy/wolf_l_walk_atlas.dsprite.json,图集描述/图集 PNG,gen_atlases.py,DSEngine Authors,Apache-2.0,G3,6d87826eabcce9bd992456c7fe21a528834b96c320a2ba9e225613e7e1f26859
templates/hd2d_wuxia/assets/enemy/wolf_l_walk_atlas.png,图集描述/图集 PNG,gen_atlases.py,DSEngine Authors,Apache-2.0,G3,76d6da88b6d2e63e2409893feaf20c91174deb44a3dfc7c6181a3f84f21e8981
templates/hd2d_wuxia/assets/enemy/wolf_r_attack_0.png,角色/敌人/NPC/FX 序列帧 PNG,generate_assets.py + gen_lib.py,DSEngine Authors,Apache-2.0,G1,ec76f6e0fa47b50630a39ee4dcc081315d6371d770dbc34e73191322d253a154
templates/hd2d_wuxia/assets/enemy/wolf_r_attack_1.png,角色/敌人/NPC/FX 序列帧 PNG,generate_assets.py + gen_lib.py,DSEngine Authors,Apache-2.0,G1,1b6eaabde1c6dee8fb417bfd1a6c331b09fbc74b957df132f84441181c2b6e79
templates/hd2d_wuxia/assets/enemy/wolf_r_attack_2.png,角色/敌人/NPC/FX 序列帧 PNG,generate_assets.py + gen_lib.py,DSEngine Authors,Apache-2.0,G1,1de880e74f638a281606a0a2756e5ab85a6acb908e306694568eb0bc85ede819
templates/hd2d_wuxia/assets/enemy/wolf_r_attack_atlas.dsprite.json,图集描述/图集 PNG,gen_atlases.py,DSEngine Authors,Apache-2.0,G3,ec374d13ecc5786d45567c275afaaa84d810b88edff7a8f35a1cfd2fa7f72feb
templates/hd2d_wuxia/assets/enemy/wolf_r_attack_atlas.png,图集描述/图集 PNG,gen_atlases.py,DSEngine Authors,Apache-2.0,G3,e7ac3b9ca0863cf192269c1b4294b667ebcdb893cc40e9742cd356ada3bc8511
templates/hd2d_wuxia/assets/enemy/wolf_r_die_0.png,角色/敌人/NPC/FX 序列帧 PNG,generate_assets.py + gen_lib.py,DSEngine Authors,Apache-2.0,G1,1b6eaabde1c6dee8fb417bfd1a6c331b09fbc74b957df132f84441181c2b6e79
templates/hd2d_wuxia/assets/enemy/wolf_r_die_1.png,角色/敌人/NPC/FX 序列帧 PNG,generate_assets.py + gen_lib.py,DSEngine Authors,Apache-2.0,G1,8b11f0e9af211e096eebc989aaef8a2750118c075a15d7a410a1d3ce6455f234
templates/hd2d_wuxia/assets/enemy/wolf_r_die_2.png,角色/敌人/NPC/FX 序列帧 PNG,generate_assets.py + gen_lib.py,DSEngine Authors,Apache-2.0,G1,1b6eaabde1c6dee8fb417bfd1a6c331b09fbc74b957df132f84441181c2b6e79
templates/hd2d_wuxia/assets/enemy/wolf_r_die_3.png,角色/敌人/NPC/FX 序列帧 PNG,generate_assets.py + gen_lib.py,DSEngine Authors,Apache-2.0,G1,8b11f0e9af211e096eebc989aaef8a2750118c075a15d7a410a1d3ce6455f234
templates/hd2d_wuxia/assets/enemy/wolf_r_die_atlas.dsprite.json,图集描述/图集 PNG,gen_atlases.py,DSEngine Authors,Apache-2.0,G3,c0d3cf20715c082e00a998519f0a76377e67e0aac9bc3996d74261d40f28f03c
templates/hd2d_wuxia/assets/enemy/wolf_r_die_atlas.png,图集描述/图集 PNG,gen_atlases.py,DSEngine Authors,Apache-2.0,G3,3b2bf9d27e26a86cc2c31a6ca83a2830e291f5737c8c60bbc69cc010d8357dec
templates/hd2d_wuxia/assets/enemy/wolf_r_hurt_0.png,角色/敌人/NPC/FX 序列帧 PNG,generate_assets.py + gen_lib.py,DSEngine Authors,Apache-2.0,G1,b43d0b0ba0914624fa707f862700cf4b036b4eec3dea775eb3cbb9c6285382d9
templates/hd2d_wuxia/assets/enemy/wolf_r_hurt_atlas.dsprite.json,图集描述/图集 PNG,gen_atlases.py,DSEngine Authors,Apache-2.0,G3,70eb879a8121006507b91a717c1ac5e04d8c5e620028610790f1e71d36e030e9
templates/hd2d_wuxia/assets/enemy/wolf_r_hurt_atlas.png,图集描述/图集 PNG,gen_atlases.py,DSEngine Authors,Apache-2.0,G3,0f49250517e3d3f6fbb8a9856dfbf280f4c15cd9330273ea6d257673c4458aaf
templates/hd2d_wuxia/assets/enemy/wolf_r_idle_0.png,角色/敌人/NPC/FX 序列帧 PNG,generate_assets.py + gen_lib.py,DSEngine Authors,Apache-2.0,G1,ec76f6e0fa47b50630a39ee4dcc081315d6371d770dbc34e73191322d253a154
templates/hd2d_wuxia/assets/enemy/wolf_r_idle_1.png,角色/敌人/NPC/FX 序列帧 PNG,generate_assets.py + gen_lib.py,DSEngine Authors,Apache-2.0,G1,1cd5576f431591e51587b25548c6a3b0b2a2c9f9b0f52db05f1d4f682f0de61e
templates/hd2d_wuxia/assets/enemy/wolf_r_idle_2.png,角色/敌人/NPC/FX 序列帧 PNG,generate_assets.py + gen_lib.py,DSEngine Authors,Apache-2.0,G1,ec76f6e0fa47b50630a39ee4dcc081315d6371d770dbc34e73191322d253a154
templates/hd2d_wuxia/assets/enemy/wolf_r_idle_atlas.dsprite.json,图集描述/图集 PNG,gen_atlases.py,DSEngine Authors,Apache-2.0,G3,747205100d6dc107dd1e4390fd57bcd458506f6308acffb86b7982f767d1cb80
templates/hd2d_wuxia/assets/enemy/wolf_r_idle_atlas.png,图集描述/图集 PNG,gen_atlases.py,DSEngine Authors,Apache-2.0,G3,188f935a4e0b40f00923365ea0dc5413f03f40c4cea1453480eae4c77d52f761
templates/hd2d_wuxia/assets/enemy/wolf_r_walk_0.png,角色/敌人/NPC/FX 序列帧 PNG,generate_assets.py + gen_lib.py,DSEngine Authors,Apache-2.0,G1,ec76f6e0fa47b50630a39ee4dcc081315d6371d770dbc34e73191322d253a154
templates/hd2d_wuxia/assets/enemy/wolf_r_walk_1.png,角色/敌人/NPC/FX 序列帧 PNG,generate_assets.py + gen_lib.py,DSEngine Authors,Apache-2.0,G1,19c7649089be9b79dcc6157a8e90b9fc79c3330843c7c4e8808fdcc9920cbf00
templates/hd2d_wuxia/assets/enemy/wolf_r_walk_2.png,角色/敌人/NPC/FX 序列帧 PNG,generate_assets.py + gen_lib.py,DSEngine Authors,Apache-2.0,G1,e35e823d7ca3ed058f2c1dc79ff8d500c4c3b0104106f3cb8c8b6578e5dd548b
templates/hd2d_wuxia/assets/enemy/wolf_r_walk_3.png,角色/敌人/NPC/FX 序列帧 PNG,generate_assets.py + gen_lib.py,DSEngine Authors,Apache-2.0,G1,1cd5576f431591e51587b25548c6a3b0b2a2c9f9b0f52db05f1d4f682f0de61e
templates/hd2d_wuxia/assets/enemy/wolf_r_walk_4.png,角色/敌人/NPC/FX 序列帧 PNG,generate_assets.py + gen_lib.py,DSEngine Authors,Apache-2.0,G1,b459efbe58cbe9429c0dd283d72fc69732100ec5794ee26940f77a7c1955f08a
templates/hd2d_wuxia/assets/enemy/wolf_r_walk_5.png,角色/敌人/NPC/FX 序列帧 PNG,generate_assets.py + gen_lib.py,DSEngine Authors,Apache-2.0,G1,ec11a020d717f2f42cd31c9d8d17cc6000ce8a9e47d9ff02b390cfb621d1f7f4
templates/hd2d_wuxia/assets/enemy/wolf_r_walk_atlas.dsprite.json,图集描述/图集 PNG,gen_atlases.py,DSEngine Authors,Apache-2.0,G3,c840964ed16132fe8b37e784db694e9c0eab2a0327ba3303727146a951095ba8
templates/hd2d_wuxia/assets/enemy/wolf_r_walk_atlas.png,图集描述/图集 PNG,gen_atlases.py,DSEngine Authors,Apache-2.0,G3,76d6da88b6d2e63e2409893feaf20c91174deb44a3dfc7c6181a3f84f21e8981
templates/hd2d_wuxia/assets/fx/dust_0.png,角色/敌人/NPC/FX 序列帧 PNG,generate_assets.py + gen_lib.py,DSEngine Authors,Apache-2.0,G1,9ed98fd5ca087729ea90ff63e5a062a1da31c99a86f39370516efa6be39e8a57
templates/hd2d_wuxia/assets/fx/dust_1.png,角色/敌人/NPC/FX 序列帧 PNG,generate_assets.py + gen_lib.py,DSEngine Authors,Apache-2.0,G1,f1ee04a6cad660462dd6c2e395db01f8a8ab475c93b486d5d6e13e55d29ba0b0
templates/hd2d_wuxia/assets/fx/dust_2.png,角色/敌人/NPC/FX 序列帧 PNG,generate_assets.py + gen_lib.py,DSEngine Authors,Apache-2.0,G1,36817bc0b7f7e5dcf8b81f3c898a88280996acf9fb20895f028035d22385157d
templates/hd2d_wuxia/assets/fx/dust_3.png,角色/敌人/NPC/FX 序列帧 PNG,generate_assets.py + gen_lib.py,DSEngine Authors,Apache-2.0,G1,2f4db5c11901e071c058f642c3695dbd7f305fcf7b1a48d81fbdfff5fced899c
templates/hd2d_wuxia/assets/fx/dust_atlas.dsprite.json,图集描述/图集 PNG,gen_atlases.py,DSEngine Authors,Apache-2.0,G3,b161dbbff83f2db7025f1c4ce2a1b0849fe6f97159387b45d6c54858b75f137f
templates/hd2d_wuxia/assets/fx/dust_atlas.png,图集描述/图集 PNG,gen_atlases.py,DSEngine Authors,Apache-2.0,G3,5cf59d9f092f95fc08a1d641123a852870ab6fae18ca778c1d737e62b7c6c7d7
templates/hd2d_wuxia/assets/fx/firefly.png,角色/敌人/NPC/FX 序列帧 PNG,generate_assets.py + gen_lib.py,DSEngine Authors,Apache-2.0,G1,5ef99123036ad3f799cdc8164253ce68e88ca34f9eae56210da5eedd2b716037
templates/hd2d_wuxia/assets/fx/firefly_atlas.dsprite.json,图集描述/图集 PNG,gen_atlases.py,DSEngine Authors,Apache-2.0,G3,66bdb0ac8eadbc4b038a33a0f516bb69db65f9c1650723b342031fdb87951bc2
templates/hd2d_wuxia/assets/fx/firefly_atlas.png,图集描述/图集 PNG,gen_atlases.py,DSEngine Authors,Apache-2.0,G3,85410bcee865baea2b108c481fc0e3cbf698bfe7189dab8bf70ffd80780a6009
templates/hd2d_wuxia/assets/fx/glow_cool.png,角色/敌人/NPC/FX 序列帧 PNG,generate_assets.py + gen_lib.py,DSEngine Authors,Apache-2.0,G1,090afd894ca0db7755fbef38436cae79e63b8ba495f0634ae0887498b17db57e
templates/hd2d_wuxia/assets/fx/glow_torch.png,角色/敌人/NPC/FX 序列帧 PNG,generate_assets.py + gen_lib.py,DSEngine Authors,Apache-2.0,G1,61ed69ea01bb3472aba87b0b6d45e1aff221f3acb1e1641f3ad5d8fb0e453a7d
templates/hd2d_wuxia/assets/fx/glow_warm.png,角色/敌人/NPC/FX 序列帧 PNG,generate_assets.py + gen_lib.py,DSEngine Authors,Apache-2.0,G1,46dfff6ae6437339d6109d2fa4b2568c0601f6f5d52ceb259eb58b4749e4284e
templates/hd2d_wuxia/assets/fx/heal_0.png,角色/敌人/NPC/FX 序列帧 PNG,generate_assets.py + gen_lib.py,DSEngine Authors,Apache-2.0,G1,8c9b9fe494b81dc08987dd3da613c4693588fc25de87644495013dd141fd1c99
templates/hd2d_wuxia/assets/fx/heal_1.png,角色/敌人/NPC/FX 序列帧 PNG,generate_assets.py + gen_lib.py,DSEngine Authors,Apache-2.0,G1,9ca3fbfdcb3266c9ff1bbe86658c17b61cd5ca9e461d7616475d10e96b2bbf28
templates/hd2d_wuxia/assets/fx/heal_2.png,角色/敌人/NPC/FX 序列帧 PNG,generate_assets.py + gen_lib.py,DSEngine Authors,Apache-2.0,G1,f1d3526cc28ab36ae11717287c794b97f5ff8b6e6eacf80c25608c4e141e5da0
templates/hd2d_wuxia/assets/fx/heal_3.png,角色/敌人/NPC/FX 序列帧 PNG,generate_assets.py + gen_lib.py,DSEngine Authors,Apache-2.0,G1,51d83af3511ca0c39b230d052aec5d5b9f46728920e361394af442c8550f9fc2
templates/hd2d_wuxia/assets/fx/heal_4.png,角色/敌人/NPC/FX 序列帧 PNG,generate_assets.py + gen_lib.py,DSEngine Authors,Apache-2.0,G1,38c09bfa8a39ccd44a0222ef17759fd5b381d2286634a1f894e0f2f64d949380
templates/hd2d_wuxia/assets/fx/heal_atlas.dsprite.json,图集描述/图集 PNG,gen_atlases.py,DSEngine Authors,Apache-2.0,G3,997bb2a02202f20f46c679950824e7e807697490cf39f10fd37148597ab92e43
templates/hd2d_wuxia/assets/fx/heal_atlas.png,图集描述/图集 PNG,gen_atlases.py,DSEngine Authors,Apache-2.0,G3,fddf6e6beb8a7a1727cb637e99669d0b904cf8fa132398d6f0d65d68a7d259a9
templates/hd2d_wuxia/assets/fx/hit_0.png,角色/敌人/NPC/FX 序列帧 PNG,generate_assets.py + gen_lib.py,DSEngine Authors,Apache-2.0,G1,5b860664fbc5a5ab40c749af2495047562a758eef14ab017b836fa169f71832d
templates/hd2d_wuxia/assets/fx/hit_1.png,角色/敌人/NPC/FX 序列帧 PNG,generate_assets.py + gen_lib.py,DSEngine Authors,Apache-2.0,G1,54e06331e1ef9d691d704a1c7d0a73c1a13cf4e06f79f60f14f82647fa542b6b
templates/hd2d_wuxia/assets/fx/hit_2.png,角色/敌人/NPC/FX 序列帧 PNG,generate_assets.py + gen_lib.py,DSEngine Authors,Apache-2.0,G1,dc4a01e2abe1402c28ea36cef197018d59f5d26c1a9e0ad30a56b421f61e6f59
templates/hd2d_wuxia/assets/fx/hit_3.png,角色/敌人/NPC/FX 序列帧 PNG,generate_assets.py + gen_lib.py,DSEngine Authors,Apache-2.0,G1,9ed643b8fa65da8a44a7003cf24ca75d81e580edcfe33ca72379a5f04f8ffb68
templates/hd2d_wuxia/assets/fx/hit_atlas.dsprite.json,图集描述/图集 PNG,gen_atlases.py,DSEngine Authors,Apache-2.0,G3,9b4823e6a4be1e6f572c1d40c334616d05577640f246828f7c9962a6b9593829
templates/hd2d_wuxia/assets/fx/hit_atlas.png,图集描述/图集 PNG,gen_atlases.py,DSEngine Authors,Apache-2.0,G3,fe4caa62c4b5b074c4a7478bf3b2c34aadc4631bc5bab1f3e69a8b25d85be590
templates/hd2d_wuxia/assets/fx/leaf_0.png,角色/敌人/NPC/FX 序列帧 PNG,generate_assets.py + gen_lib.py,DSEngine Authors,Apache-2.0,G1,d9f976334c47d6c339c11d0a68899748bb16195570187891ade79b324194372c
templates/hd2d_wuxia/assets/fx/leaf_1.png,角色/敌人/NPC/FX 序列帧 PNG,generate_assets.py + gen_lib.py,DSEngine Authors,Apache-2.0,G1,d1657b6cbb07cee312d1fc1283af2126ddbdad4c0feb0be232aba35cbae55604
templates/hd2d_wuxia/assets/fx/leaf_2.png,角色/敌人/NPC/FX 序列帧 PNG,generate_assets.py + gen_lib.py,DSEngine Authors,Apache-2.0,G1,406afe8f1cb4d29f87ca43407f1cd68e92ccab3fbe074e30d27ba08e5d30c589
templates/hd2d_wuxia/assets/fx/leaf_atlas.dsprite.json,图集描述/图集 PNG,gen_atlases.py,DSEngine Authors,Apache-2.0,G3,20f435d609cc9b295d1e5913b2220a2496e3d84fa900f43fc2fabd28253c6aaf
templates/hd2d_wuxia/assets/fx/leaf_atlas.png,图集描述/图集 PNG,gen_atlases.py,DSEngine Authors,Apache-2.0,G3,7c33d6b00e98b22a7b1c259b350f5b089158eac239afea862e1192a521cb8b85
templates/hd2d_wuxia/assets/fx/levelup_0.png,角色/敌人/NPC/FX 序列帧 PNG,generate_assets.py + gen_lib.py,DSEngine Authors,Apache-2.0,G1,938073f8a946dbf05c15b996f0acd96af98f499f0cde6580eaf43ec0b90a1afc
templates/hd2d_wuxia/assets/fx/levelup_1.png,角色/敌人/NPC/FX 序列帧 PNG,generate_assets.py + gen_lib.py,DSEngine Authors,Apache-2.0,G1,8802a7d4333fd4f8ed16125802a338b99512edb92bb74e4f4b7abf5dd7e0f983
templates/hd2d_wuxia/assets/fx/levelup_2.png,角色/敌人/NPC/FX 序列帧 PNG,generate_assets.py + gen_lib.py,DSEngine Authors,Apache-2.0,G1,99721dd9341d0677e6af22eb8972eebac1ba869f11e478d907ac84fe53674f9d
templates/hd2d_wuxia/assets/fx/levelup_3.png,角色/敌人/NPC/FX 序列帧 PNG,generate_assets.py + gen_lib.py,DSEngine Authors,Apache-2.0,G1,d5c09b6cf006eceddbcb705aa805e0e08b2df14906b2ef9ca39638771b445690
templates/hd2d_wuxia/assets/fx/levelup_4.png,角色/敌人/NPC/FX 序列帧 PNG,generate_assets.py + gen_lib.py,DSEngine Authors,Apache-2.0,G1,c2750ca2176b88cf4a244be05569000b7ad4647a02dc59d01561ac16002a9a1a
templates/hd2d_wuxia/assets/fx/levelup_5.png,角色/敌人/NPC/FX 序列帧 PNG,generate_assets.py + gen_lib.py,DSEngine Authors,Apache-2.0,G1,dec8703e331f37b043d5946239ed2412501133a47600042e95708203e3e7c428
templates/hd2d_wuxia/assets/fx/levelup_atlas.dsprite.json,图集描述/图集 PNG,gen_atlases.py,DSEngine Authors,Apache-2.0,G3,66c150068dbfae1b046c92a26439ed56510bbdc7b538ad3ca60de2e49c2a8990
templates/hd2d_wuxia/assets/fx/levelup_atlas.png,图集描述/图集 PNG,gen_atlases.py,DSEngine Authors,Apache-2.0,G3,9947c82257c32b2662f5af16ba67d555beab62360c4eb52c4427d24d8cf3c975
templates/hd2d_wuxia/assets/fx/qi_0.png,角色/敌人/NPC/FX 序列帧 PNG,generate_assets.py + gen_lib.py,DSEngine Authors,Apache-2.0,G1,04df7fcc8d482b6e0f4cce4eeda36b27d61f6f378b075a090d86d6bc3ec51ab6
templates/hd2d_wuxia/assets/fx/qi_1.png,角色/敌人/NPC/FX 序列帧 PNG,generate_assets.py + gen_lib.py,DSEngine Authors,Apache-2.0,G1,07425403e47ceea499768ce0d78090b8341bfce3a2ae1eda6027f1d405eb5abb
templates/hd2d_wuxia/assets/fx/qi_2.png,角色/敌人/NPC/FX 序列帧 PNG,generate_assets.py + gen_lib.py,DSEngine Authors,Apache-2.0,G1,5f4f6012ac66541a11f0d81005fca08ef41c96671a4c2871e2be6f119336b83d
templates/hd2d_wuxia/assets/fx/qi_3.png,角色/敌人/NPC/FX 序列帧 PNG,generate_assets.py + gen_lib.py,DSEngine Authors,Apache-2.0,G1,7c06ebcedfff2a9246dcd93da674dd5763c450a1c1af29f9c3f6298a28f52c18
templates/hd2d_wuxia/assets/fx/qi_4.png,角色/敌人/NPC/FX 序列帧 PNG,generate_assets.py + gen_lib.py,DSEngine Authors,Apache-2.0,G1,45e808c6fb0c675089420d89c153d6ba2a3a8b7ae83321c4347135e48c4e57c0
templates/hd2d_wuxia/assets/fx/qi_atlas.dsprite.json,图集描述/图集 PNG,gen_atlases.py,DSEngine Authors,Apache-2.0,G3,c9551b99cb4f0f2f58bc1f17d5249cac9e76a4ad4d2d6e50af1e1a71fb4bf781
templates/hd2d_wuxia/assets/fx/qi_atlas.png,图集描述/图集 PNG,gen_atlases.py,DSEngine Authors,Apache-2.0,G3,f5ff83e00f612cd1645c7e3da8e3d9b0281ace6c493c2ceafb654658f348a8b3
templates/hd2d_wuxia/assets/fx/shadow_big.png,角色/敌人/NPC/FX 序列帧 PNG,generate_assets.py + gen_lib.py,DSEngine Authors,Apache-2.0,G1,92081e262dcd786ccfa62742e3528a8f5c3093f644c7eba6fd21f81aca7c737d
templates/hd2d_wuxia/assets/fx/shadow_mid.png,角色/敌人/NPC/FX 序列帧 PNG,generate_assets.py + gen_lib.py,DSEngine Authors,Apache-2.0,G1,20c082d9e932eb0d0171f2874dd3dfc07ff5e1fb02f038e3bfc45b07e7d51024
templates/hd2d_wuxia/assets/fx/shadow_small.png,角色/敌人/NPC/FX 序列帧 PNG,generate_assets.py + gen_lib.py,DSEngine Authors,Apache-2.0,G1,e33835d6b2b045ba2b3b0b250654617c817469dee51657091c5c5b9c0fad8bc6
templates/hd2d_wuxia/assets/fx/slash_0.png,角色/敌人/NPC/FX 序列帧 PNG,generate_assets.py + gen_lib.py,DSEngine Authors,Apache-2.0,G1,cb2b5d5714433f7864938368a4909578f0b8cefab85981da2e7a0aac39455a14
templates/hd2d_wuxia/assets/fx/slash_1.png,角色/敌人/NPC/FX 序列帧 PNG,generate_assets.py + gen_lib.py,DSEngine Authors,Apache-2.0,G1,4fde411b6e2524a19cc3296c9ac067ab36872246297ca9a8687ee2a747ac775e
templates/hd2d_wuxia/assets/fx/slash_2.png,角色/敌人/NPC/FX 序列帧 PNG,generate_assets.py + gen_lib.py,DSEngine Authors,Apache-2.0,G1,02d2acf986dd80805488eff9d0dbbbaae040e84c3bd4597b97604b7666b2f42b
templates/hd2d_wuxia/assets/fx/slash_3.png,角色/敌人/NPC/FX 序列帧 PNG,generate_assets.py + gen_lib.py,DSEngine Authors,Apache-2.0,G1,947348829273d8dcce3e78100e6bc4608b9475d4eb20df16964cfb854defb17c
templates/hd2d_wuxia/assets/fx/slash_4.png,角色/敌人/NPC/FX 序列帧 PNG,generate_assets.py + gen_lib.py,DSEngine Authors,Apache-2.0,G1,f7ce92c37f010d60781d826eaa86b3a56b44d0489d858395a9422fe7d960ab87
templates/hd2d_wuxia/assets/fx/slash_atlas.dsprite.json,图集描述/图集 PNG,gen_atlases.py,DSEngine Authors,Apache-2.0,G3,480114fa26c111fb09f96e6a43230211b83869926bda55f6de13ca5cbf519055
templates/hd2d_wuxia/assets/fx/slash_atlas.png,图集描述/图集 PNG,gen_atlases.py,DSEngine Authors,Apache-2.0,G3,9f145d18f12d01b2db929d2cd296f5995761b233e56d402619d5b67cc72cd7c9
templates/hd2d_wuxia/assets/maps/stronghold_3d.dmesh,3D 地图网格,gen_maps.py,DSEngine Authors,Apache-2.0,G2,95eedc68e4aac2d8961957efc5a26091dc7c096bfe97f7c1a02f0c58017c6050
templates/hd2d_wuxia/assets/maps/stronghold_far.png,地图分层/程序化 PNG,gen_maps.py,DSEngine Authors,Apache-2.0,G2,1bbd63bb53d627a7c828275887e861ec46a959f858472006070547d7089b6048
templates/hd2d_wuxia/assets/maps/stronghold_fg.png,地图分层/程序化 PNG,gen_maps.py,DSEngine Authors,Apache-2.0,G2,491584e9e177428b97a1e9f665f62a4337aba0311c1480a23762648d444df6e1
templates/hd2d_wuxia/assets/maps/stronghold_ground.png,地图分层/程序化 PNG,gen_maps.py,DSEngine Authors,Apache-2.0,G2,d98d796089c5694e0041ebeaf2d4f9612c5d98745361095eef5fff42d4dd60f9
templates/hd2d_wuxia/assets/maps/stronghold_sky.png,地图分层/程序化 PNG,gen_maps.py,DSEngine Authors,Apache-2.0,G2,29aa64c783105d2f57d59a70c9db54ee494b97144264ee5e007a9c04d86a9456
templates/hd2d_wuxia/assets/maps/village_3d.dmesh,3D 地图网格,gen_maps.py,DSEngine Authors,Apache-2.0,G2,827123ccea71da355dfa808c3e1b08e8be827cc14cb1a14e3fd3e9be4e78243e
templates/hd2d_wuxia/assets/maps/village_far.png,地图分层/程序化 PNG,gen_maps.py,DSEngine Authors,Apache-2.0,G2,1bbd63bb53d627a7c828275887e861ec46a959f858472006070547d7089b6048
templates/hd2d_wuxia/assets/maps/village_fg.png,地图分层/程序化 PNG,gen_maps.py,DSEngine Authors,Apache-2.0,G2,a6fd5d60ce6720026daf12b3e187d2fbb2580c94e181ec948e41de76c5d0fced
templates/hd2d_wuxia/assets/maps/village_ground.png,地图分层/程序化 PNG,gen_maps.py,DSEngine Authors,Apache-2.0,G2,4c69b7fb31e794c4b49138cdfaf21b87b2ad033de20aa9c8b78f5e268ef30dd4
templates/hd2d_wuxia/assets/maps/village_sky.png,地图分层/程序化 PNG,gen_maps.py,DSEngine Authors,Apache-2.0,G2,29aa64c783105d2f57d59a70c9db54ee494b97144264ee5e007a9c04d86a9456
templates/hd2d_wuxia/assets/npc/elder/elder_d_idle_0.png,角色/敌人/NPC/FX 序列帧 PNG,generate_assets.py + gen_lib.py,DSEngine Authors,Apache-2.0,G1,0c9b82595cfa31390a44f3dd43d127f705cada15cc6f28dea27cf9b3a622e5cf
templates/hd2d_wuxia/assets/npc/elder/elder_d_idle_1.png,角色/敌人/NPC/FX 序列帧 PNG,generate_assets.py + gen_lib.py,DSEngine Authors,Apache-2.0,G1,5224571f7bd7b6d8b4424cf2bea1fc2858f321f1fd378f046017029b9a2bc7e5
templates/hd2d_wuxia/assets/npc/elder/elder_d_idle_2.png,角色/敌人/NPC/FX 序列帧 PNG,generate_assets.py + gen_lib.py,DSEngine Authors,Apache-2.0,G1,0c9b82595cfa31390a44f3dd43d127f705cada15cc6f28dea27cf9b3a622e5cf
templates/hd2d_wuxia/assets/npc/elder/elder_d_idle_atlas.dsprite.json,图集描述/图集 PNG,gen_atlases.py,DSEngine Authors,Apache-2.0,G3,a501e4dbf41cf2bdfcc3de0904c483135224524b99cb2b20cf45260ebe72d868
templates/hd2d_wuxia/assets/npc/elder/elder_d_idle_atlas.png,图集描述/图集 PNG,gen_atlases.py,DSEngine Authors,Apache-2.0,G3,36a97b918e5ab72d729edfb8986f00b43a7f27e06752145bfaeb849958605cbc
templates/hd2d_wuxia/assets/npc/elder/elder_r_idle_0.png,角色/敌人/NPC/FX 序列帧 PNG,generate_assets.py + gen_lib.py,DSEngine Authors,Apache-2.0,G1,e61ab58fef413c1ed80b8476bccbd2bdc0774a364cec25c284f66681ab918dfa
templates/hd2d_wuxia/assets/npc/elder/elder_r_idle_1.png,角色/敌人/NPC/FX 序列帧 PNG,generate_assets.py + gen_lib.py,DSEngine Authors,Apache-2.0,G1,c486a913713d2803a0cf4b1fe6ae39f3a2f7e04b7dba58a231c741e4c93c63ce
templates/hd2d_wuxia/assets/npc/elder/elder_r_idle_2.png,角色/敌人/NPC/FX 序列帧 PNG,generate_assets.py + gen_lib.py,DSEngine Authors,Apache-2.0,G1,e61ab58fef413c1ed80b8476bccbd2bdc0774a364cec25c284f66681ab918dfa
templates/hd2d_wuxia/assets/npc/elder/elder_r_idle_atlas.dsprite.json,图集描述/图集 PNG,gen_atlases.py,DSEngine Authors,Apache-2.0,G3,7de8f50d8bec33096b526cad341d9709040075b8212b7c6c6a4ab38b8103873b
templates/hd2d_wuxia/assets/npc/elder/elder_r_idle_atlas.png,图集描述/图集 PNG,gen_atlases.py,DSEngine Authors,Apache-2.0,G3,66ac805b93258f679084a13df38e776a310311388d3352662fc46327e3bbb9b9
templates/hd2d_wuxia/assets/npc/elder/elder_u_idle_0.png,角色/敌人/NPC/FX 序列帧 PNG,generate_assets.py + gen_lib.py,DSEngine Authors,Apache-2.0,G1,245991fd23b33db532d513d6b503d4931bb32a3d75c98ab87f2c9fdcc6cfbf71
templates/hd2d_wuxia/assets/npc/elder/elder_u_idle_1.png,角色/敌人/NPC/FX 序列帧 PNG,generate_assets.py + gen_lib.py,DSEngine Authors,Apache-2.0,G1,135c6c3a3edd2b85e4fa3226ada4b7c9c3e63f34e91d3bf91d1d973ba8ea3e35
templates/hd2d_wuxia/assets/npc/elder/elder_u_idle_2.png,角色/敌人/NPC/FX 序列帧 PNG,generate_assets.py + gen_lib.py,DSEngine Authors,Apache-2.0,G1,245991fd23b33db532d513d6b503d4931bb32a3d75c98ab87f2c9fdcc6cfbf71
templates/hd2d_wuxia/assets/npc/elder/elder_u_idle_atlas.dsprite.json,图集描述/图集 PNG,gen_atlases.py,DSEngine Authors,Apache-2.0,G3,978e632557086235764dcb9e8acc6d1b890ce0307320e0b55abd9ad8dc0842bf
templates/hd2d_wuxia/assets/npc/elder/elder_u_idle_atlas.png,图集描述/图集 PNG,gen_atlases.py,DSEngine Authors,Apache-2.0,G3,c53d62663b0533d7f24810d9a17053035f028cf508275177d83ca465213c332a
templates/hd2d_wuxia/assets/npc/smith/smith_d_idle_0.png,角色/敌人/NPC/FX 序列帧 PNG,generate_assets.py + gen_lib.py,DSEngine Authors,Apache-2.0,G1,d28f838414717ea3bf08e8106e31cc0ae6351ebf88427df63bbe764718e5afcd
templates/hd2d_wuxia/assets/npc/smith/smith_d_idle_1.png,角色/敌人/NPC/FX 序列帧 PNG,generate_assets.py + gen_lib.py,DSEngine Authors,Apache-2.0,G1,355c1dbe6dcb1afe152f0c7bc7dd3b4d8a3a5e5e4dc975db5771d3478ed15f83
templates/hd2d_wuxia/assets/npc/smith/smith_d_idle_2.png,角色/敌人/NPC/FX 序列帧 PNG,generate_assets.py + gen_lib.py,DSEngine Authors,Apache-2.0,G1,d28f838414717ea3bf08e8106e31cc0ae6351ebf88427df63bbe764718e5afcd
templates/hd2d_wuxia/assets/npc/smith/smith_d_idle_atlas.dsprite.json,图集描述/图集 PNG,gen_atlases.py,DSEngine Authors,Apache-2.0,G3,95af6e6765f08918a503b93dbf669a6f1940f999c73a80dd7ff25f24634fde0e
templates/hd2d_wuxia/assets/npc/smith/smith_d_idle_atlas.png,图集描述/图集 PNG,gen_atlases.py,DSEngine Authors,Apache-2.0,G3,6604282a969b3a710635d8767a5bbab2776e13f811c8a5e73577ad3c08db09bb
templates/hd2d_wuxia/assets/npc/smith/smith_r_idle_0.png,角色/敌人/NPC/FX 序列帧 PNG,generate_assets.py + gen_lib.py,DSEngine Authors,Apache-2.0,G1,da419252e22cd0a80698ac2c7a213c41a1ea9e037a8d90e6eca5b6d7faa0efea
templates/hd2d_wuxia/assets/npc/smith/smith_r_idle_1.png,角色/敌人/NPC/FX 序列帧 PNG,generate_assets.py + gen_lib.py,DSEngine Authors,Apache-2.0,G1,827149631401d61aa8013753897700a5398ae52556c6a9336d1dff47a11bfc24
templates/hd2d_wuxia/assets/npc/smith/smith_r_idle_2.png,角色/敌人/NPC/FX 序列帧 PNG,generate_assets.py + gen_lib.py,DSEngine Authors,Apache-2.0,G1,da419252e22cd0a80698ac2c7a213c41a1ea9e037a8d90e6eca5b6d7faa0efea
templates/hd2d_wuxia/assets/npc/smith/smith_r_idle_atlas.dsprite.json,图集描述/图集 PNG,gen_atlases.py,DSEngine Authors,Apache-2.0,G3,40f0504fa2a2bae03e4bf11eefd789a5a2cca652c4576497052ed77cd2d29163
templates/hd2d_wuxia/assets/npc/smith/smith_r_idle_atlas.png,图集描述/图集 PNG,gen_atlases.py,DSEngine Authors,Apache-2.0,G3,4bb039cf97b8a225809f8e7ba2a9bb5293d3ca2e77be1e61185dd25d4ef47455
templates/hd2d_wuxia/assets/npc/smith/smith_u_idle_0.png,角色/敌人/NPC/FX 序列帧 PNG,generate_assets.py + gen_lib.py,DSEngine Authors,Apache-2.0,G1,547a295f265de0036fc5fc7f7aa81abcec9d60547e3620cc23a14149dfe413a7
templates/hd2d_wuxia/assets/npc/smith/smith_u_idle_1.png,角色/敌人/NPC/FX 序列帧 PNG,generate_assets.py + gen_lib.py,DSEngine Authors,Apache-2.0,G1,82d7d3e419af4e3a164f98a8a4bb85f0c7be9fbe7c8565e24ca9c2d6b47b3aca
templates/hd2d_wuxia/assets/npc/smith/smith_u_idle_2.png,角色/敌人/NPC/FX 序列帧 PNG,generate_assets.py + gen_lib.py,DSEngine Authors,Apache-2.0,G1,547a295f265de0036fc5fc7f7aa81abcec9d60547e3620cc23a14149dfe413a7
templates/hd2d_wuxia/assets/npc/smith/smith_u_idle_atlas.dsprite.json,图集描述/图集 PNG,gen_atlases.py,DSEngine Authors,Apache-2.0,G3,6cbea75a2bccfa4ef826c0a09fd9141584851d2ba20774fb608d9d085b9f29ac
templates/hd2d_wuxia/assets/npc/smith/smith_u_idle_atlas.png,图集描述/图集 PNG,gen_atlases.py,DSEngine Authors,Apache-2.0,G3,4592732e9dd28e94e19dbace4fd1de9841c8addccacce7826782117df5242a74
templates/hd2d_wuxia/assets/npc/villager/villager_d_idle_0.png,角色/敌人/NPC/FX 序列帧 PNG,generate_assets.py + gen_lib.py,DSEngine Authors,Apache-2.0,G1,4916ec54d75e62a9dc7beac6471ce122ace833ab8402ce050ae2967c6cd50247
templates/hd2d_wuxia/assets/npc/villager/villager_d_idle_1.png,角色/敌人/NPC/FX 序列帧 PNG,generate_assets.py + gen_lib.py,DSEngine Authors,Apache-2.0,G1,f20aa00bd807950e52afb5c9d8a051167ed109c1d6303a2ec31ec4e379ba8110
templates/hd2d_wuxia/assets/npc/villager/villager_d_idle_2.png,角色/敌人/NPC/FX 序列帧 PNG,generate_assets.py + gen_lib.py,DSEngine Authors,Apache-2.0,G1,4916ec54d75e62a9dc7beac6471ce122ace833ab8402ce050ae2967c6cd50247
templates/hd2d_wuxia/assets/npc/villager/villager_d_idle_atlas.dsprite.json,图集描述/图集 PNG,gen_atlases.py,DSEngine Authors,Apache-2.0,G3,7d8ea072a678dbbf82b248cd8b437557c30a84243bc405c93ff6bd51c3dbeb86
templates/hd2d_wuxia/assets/npc/villager/villager_d_idle_atlas.png,图集描述/图集 PNG,gen_atlases.py,DSEngine Authors,Apache-2.0,G3,9bee55eec197945cd563f2b6e86e42f3b80857cde5385f4026b4a530052cc618
templates/hd2d_wuxia/assets/npc/villager/villager_r_idle_0.png,角色/敌人/NPC/FX 序列帧 PNG,generate_assets.py + gen_lib.py,DSEngine Authors,Apache-2.0,G1,db6b1cbd032c402393373be55a300975fb9239b03b0ac38c1a92e31cd605fe78
templates/hd2d_wuxia/assets/npc/villager/villager_r_idle_1.png,角色/敌人/NPC/FX 序列帧 PNG,generate_assets.py + gen_lib.py,DSEngine Authors,Apache-2.0,G1,5485c09a93eb7f3ef676f63e9f6a7aba623616e4478ba82b3c5f9e51462959ba
templates/hd2d_wuxia/assets/npc/villager/villager_r_idle_2.png,角色/敌人/NPC/FX 序列帧 PNG,generate_assets.py + gen_lib.py,DSEngine Authors,Apache-2.0,G1,db6b1cbd032c402393373be55a300975fb9239b03b0ac38c1a92e31cd605fe78
templates/hd2d_wuxia/assets/npc/villager/villager_r_idle_atlas.dsprite.json,图集描述/图集 PNG,gen_atlases.py,DSEngine Authors,Apache-2.0,G3,5273b46cf7fc855cbbe0ded4ee5cbcb729420a5ccc219b1de28c678aabad9f96
templates/hd2d_wuxia/assets/npc/villager/villager_r_idle_atlas.png,图集描述/图集 PNG,gen_atlases.py,DSEngine Authors,Apache-2.0,G3,81eab3ed3e9f97c8ec83e98c779087783560c825d4070fd0746637054f6b2bd0
templates/hd2d_wuxia/assets/npc/villager/villager_u_idle_0.png,角色/敌人/NPC/FX 序列帧 PNG,generate_assets.py + gen_lib.py,DSEngine Authors,Apache-2.0,G1,262123f5e8ece2a1cc73112e325433d86184a99cfe61cae3b3acacddb979e180
templates/hd2d_wuxia/assets/npc/villager/villager_u_idle_1.png,角色/敌人/NPC/FX 序列帧 PNG,generate_assets.py + gen_lib.py,DSEngine Authors,Apache-2.0,G1,c62a63324cbf756f1632dc61d0fcedbb27f22906ebf6533098ab8959a28ac3b3
templates/hd2d_wuxia/assets/npc/villager/villager_u_idle_2.png,角色/敌人/NPC/FX 序列帧 PNG,generate_assets.py + gen_lib.py,DSEngine Authors,Apache-2.0,G1,262123f5e8ece2a1cc73112e325433d86184a99cfe61cae3b3acacddb979e180
templates/hd2d_wuxia/assets/npc/villager/villager_u_idle_atlas.dsprite.json,图集描述/图集 PNG,gen_atlases.py,DSEngine Authors,Apache-2.0,G3,347e908feaaa3dfe91ebc26e1f493d5453350a91790395260159f94178e4dd63
templates/hd2d_wuxia/assets/npc/villager/villager_u_idle_atlas.png,图集描述/图集 PNG,gen_atlases.py,DSEngine Authors,Apache-2.0,G3,46ecaf4def6dccdbff3dbd5a67094dfedc8b488dd195dc7723635c9f1e28a216
templates/hd2d_wuxia/assets/ui/bar_frame.png,UI 素材 PNG,generate_assets.py,DSEngine Authors,Apache-2.0,G1,3152c7431f60beac974ea4981793158cc2dca3a066d7f2970a16d566b1bec9af
templates/hd2d_wuxia/assets/ui/bar_hp.png,UI 素材 PNG,generate_assets.py,DSEngine Authors,Apache-2.0,G1,af97fafa8da6c53360b31ef94c3c81beb8c844ea4bda63074eb08c6234dbad9b
templates/hd2d_wuxia/assets/ui/bar_mp.png,UI 素材 PNG,generate_assets.py,DSEngine Authors,Apache-2.0,G1,7e6c3002f8209a15daed56c84413665436052a474cb3bed9ba4a779878877390
templates/hd2d_wuxia/assets/ui/bar_stam.png,UI 素材 PNG,generate_assets.py,DSEngine Authors,Apache-2.0,G1,3dec34c7df99abb6d7053fcb9bb958376996af7b48f736a8e69b7eb595525b3a
templates/hd2d_wuxia/assets/ui/button.png,UI 素材 PNG,generate_assets.py,DSEngine Authors,Apache-2.0,G1,352f3618dac950ade2b89580e914f35fdac4de833f527c567101ec6847ffc8bc
templates/hd2d_wuxia/assets/ui/cursor.png,UI 素材 PNG,generate_assets.py,DSEngine Authors,Apache-2.0,G1,d81c97e53e1f97cc73f1befb6cb7e41cbd892f155d5aaafebeaaebba7769edff
templates/hd2d_wuxia/assets/ui/font_big.png,中文位图字体图集 PNG,gen_font.py + apps/editor_cpp/fonts/NotoSansSC-Regular.ttf,DSEngine Authors / Noto CJK contributors,Apache-2.0 (生成输出) + SIL OFL 1.1 (字形来源),G1,aac9e70b96553af0a6c9b5a101937ad6310df2b60b253090696d7c7ed9a253c3
templates/hd2d_wuxia/assets/ui/font_small.png,中文位图字体图集 PNG,gen_font.py + apps/editor_cpp/fonts/NotoSansSC-Regular.ttf,DSEngine Authors / Noto CJK contributors,Apache-2.0 (生成输出) + SIL OFL 1.1 (字形来源),G1,f04fa668646740d1523c7476aad236bcde9e6519b087c151e955e1e8cb58e188
templates/hd2d_wuxia/assets/ui/grad_bottom.png,UI 素材 PNG,generate_assets.py,DSEngine Authors,Apache-2.0,G1,8b1b65dda80cb71c8d462ffdd6e33ce8c51a065ae75e7884d1aa58ff258dfa4b
templates/hd2d_wuxia/assets/ui/icon_armor.png,UI 素材 PNG,generate_assets.py,DSEngine Authors,Apache-2.0,G1,045ed8ff62fdc61151ffd757f9418bf27fd4441c69e47a85b46ef13be01f8cd0
templates/hd2d_wuxia/assets/ui/icon_coin.png,UI 素材 PNG,generate_assets.py,DSEngine Authors,Apache-2.0,G1,4a17a285fac347a772527e0a59cf00fee495c9d1852ee30c1411df370b8e4313
templates/hd2d_wuxia/assets/ui/icon_hp_potion.png,UI 素材 PNG,generate_assets.py,DSEngine Authors,Apache-2.0,G1,ac9d3a61c0446d956d91990fca3f5fa71f3536a2cbd7700b9fa4c82e184b92a6
templates/hd2d_wuxia/assets/ui/icon_manual.png,UI 素材 PNG,generate_assets.py,DSEngine Authors,Apache-2.0,G1,a183d144c855856a239e9f456c7efa4beedcd8bfdcf269df495d4b63d4a88562
templates/hd2d_wuxia/assets/ui/icon_mp_potion.png,UI 素材 PNG,generate_assets.py,DSEngine Authors,Apache-2.0,G1,263418cda8d62a98c4a4b6e09423134b243194fdeb7cb31df371a88bc6e513fe
templates/hd2d_wuxia/assets/ui/icon_sword.png,UI 素材 PNG,generate_assets.py,DSEngine Authors,Apache-2.0,G1,9e415ebf7d03e35ec0a0b35b23c5a22f2e2c630433d2b290c6970a5376a16f57
templates/hd2d_wuxia/assets/ui/minimap_frame.png,UI 素材 PNG,generate_assets.py,DSEngine Authors,Apache-2.0,G1,e0c18a8e6063d85bbc17318db56ea5e47cd22fdcdee57f1ace434d20644a6a86
templates/hd2d_wuxia/assets/ui/name_plate.png,UI 素材 PNG,generate_assets.py,DSEngine Authors,Apache-2.0,G1,42765222e0543807352fdffefce20b3d2dd53e96b2965f111dd81bd4a9342853
templates/hd2d_wuxia/assets/ui/panel_dialog.png,UI 素材 PNG,generate_assets.py,DSEngine Authors,Apache-2.0,G1,f14bf7aa55e8f2897fa963c0ab6003dae09cb395fd1a854d1c34f2467accead9
templates/hd2d_wuxia/assets/ui/panel_hud.png,UI 素材 PNG,generate_assets.py,DSEngine Authors,Apache-2.0,G1,b9167665dd20bbedba65db3e3b98165003e60114d352a6834a311b677b4b9ec6
templates/hd2d_wuxia/assets/ui/panel_menu.png,UI 素材 PNG,generate_assets.py,DSEngine Authors,Apache-2.0,G1,edc3853f22fc394e5f11451912622cdcb9c810823bed6091820e67bfcf39c698
templates/hd2d_wuxia/assets/ui/portrait_hero.png,UI 素材 PNG,generate_assets.py,DSEngine Authors,Apache-2.0,G1,f27af777759a005c4fd8c3e134ba67e742e573c8997b3e4302c30ff38cbe4b98
templates/hd2d_wuxia/assets/ui/quest_marker.png,UI 素材 PNG,generate_assets.py,DSEngine Authors,Apache-2.0,G1,1b70581e2350a54479d096b5ae69da308a79d3c425fe977e6d1e7bc9dc77b9cd
templates/hd2d_wuxia/assets/ui/skill_icon_0.png,UI 素材 PNG,generate_assets.py,DSEngine Authors,Apache-2.0,G1,3257d785a43c4d00118e00e3764f31d5c380eadd95cd30cc5df988f18d442183
templates/hd2d_wuxia/assets/ui/skill_icon_1.png,UI 素材 PNG,generate_assets.py,DSEngine Authors,Apache-2.0,G1,469d7340c41c372632b92c05543a380d256d897c1e8129b9fcfbd64b70fac2be
templates/hd2d_wuxia/assets/ui/skill_icon_2.png,UI 素材 PNG,generate_assets.py,DSEngine Authors,Apache-2.0,G1,f3ac85a38779e3e21c1029e8ab50f6d96dddb64c83f42e019737f98bf8d850e2
templates/hd2d_wuxia/assets/ui/skill_icon_3.png,UI 素材 PNG,generate_assets.py,DSEngine Authors,Apache-2.0,G1,e7aa41fd59886637dc80be17f031a548f15f17d599406c5d8839060e5eaae550
templates/hd2d_wuxia/assets/ui/skill_slot.png,UI 素材 PNG,generate_assets.py,DSEngine Authors,Apache-2.0,G1,eb4a73f189a9febb58f4f867f9c0e5b24de9dc357c6932afd9b2c7de03a8a3a6
templates/hd2d_wuxia/assets/ui/title_plate.png,UI 素材 PNG,generate_assets.py,DSEngine Authors,Apache-2.0,G1,19d8256e9faa1f4d143a19f17d669de5c434b4700560f73411f557c0983c76c6
templates/hd2d_wuxia/assets/ui/vignette.png,UI 素材 PNG,generate_assets.py,DSEngine Authors,Apache-2.0,G1,13cf5a1eff5c8e960bde4a872668384737d9f47c78a2a760c9f0110c62dc2ddd
templates/hd2d_wuxia/scripts/_compat_test.lua,Lua 游戏源码,仓库手写,DSEngine Authors,Apache-2.0,（手写源）,83e7463080b1e37ad62420b0e0a4c6e8ce48a549b1334cec99cae28f60d27d8d
templates/hd2d_wuxia/scripts/_hd2d_m4_test.lua,Lua 游戏源码,仓库手写,DSEngine Authors,Apache-2.0,（手写源）,88e374d2ab169373f7efb247006a85cdce6aa59ec5c35925a0e107814070f957
templates/hd2d_wuxia/scripts/_hd2d_m5_roundtrip_test.lua,Lua 游戏源码,仓库手写,DSEngine Authors,Apache-2.0,（手写源）,1c5a18682a6a7a923ea05d7034bc9ba179f04330590789b2264b5feee7a18cd7
templates/hd2d_wuxia/scripts/_hd2d_m5_test.lua,Lua 游戏源码,仓库手写,DSEngine Authors,Apache-2.0,（手写源）,ea7de3d10fc73e793375f8312ea1b6126e6cee5f48b7ed6988ab806cfed986f5
templates/hd2d_wuxia/scripts/_hd2d_m6_acceptance_test.lua,Lua 游戏源码,仓库手写,DSEngine Authors,Apache-2.0,（手写源）,609eacd106affcf00649f2c5d5e2743e6ed40093050f271932884de59f3bfad2
templates/hd2d_wuxia/scripts/_smoke.lua,Lua 游戏源码,仓库手写,DSEngine Authors,Apache-2.0,（手写源）,fdfcef19b0b03c9424e77c2c788574cbce43f3a419a1bd9fa237e577217c8d2b
templates/hd2d_wuxia/scripts/_sprite3d_lit_test.lua,Lua 游戏源码,仓库手写,DSEngine Authors,Apache-2.0,（手写源）,1d5ad835eeb3b725bdadd085e0421971040039bd3db08791a2b63eab94c0a946
templates/hd2d_wuxia/scripts/_sprite3d_many_lights_test.lua,Lua 游戏源码,仓库手写,DSEngine Authors,Apache-2.0,（手写源）,545af7759a77b65b72fa9516100ba50c7c6ca43f3a872344e689b204919a4312
templates/hd2d_wuxia/scripts/_sprite3d_normal_emissive_test.lua,Lua 游戏源码,仓库手写,DSEngine Authors,Apache-2.0,（手写源）,d3489e49a085ecb97b25a3d7a9afb8a934ff0d13cc505190f2e23517601c4164
templates/hd2d_wuxia/scripts/_sprite3d_perf_test.lua,Lua 游戏源码,仓库手写,DSEngine Authors,Apache-2.0,（手写源）,ffd0362cf80a967a1f65260e51ecfc493b7770b56dc2cfb78498c8b29af44a79
templates/hd2d_wuxia/scripts/_sprite3d_test.lua,Lua 游戏源码,仓库手写,DSEngine Authors,Apache-2.0,（手写源）,a62c61408f9f4eed338ad9d8a1bffab4e0d7d17c80149faedd01a1dc23baeecd
templates/hd2d_wuxia/scripts/assets.lua,Lua 游戏源码,仓库手写,DSEngine Authors,Apache-2.0,（手写源）,c76a0658f201b96c835c630ead532ee567c659bf836162196abb605871f62f93
templates/hd2d_wuxia/scripts/audio.lua,Lua 游戏源码,仓库手写,DSEngine Authors,Apache-2.0,（手写源）,f398f0da300080a5fc7fc8fbf1f3d45c148db4747bee48708bccaa1e209a3306
templates/hd2d_wuxia/scripts/bplus.lua,Lua 游戏源码,仓库手写,DSEngine Authors,Apache-2.0,（手写源）,fbd66508810c9d9a1b2132cf53f6af69591d0d1fe0f7ed48173c33dda95037bf
templates/hd2d_wuxia/scripts/core.lua,Lua 游戏源码,仓库手写,DSEngine Authors,Apache-2.0,（手写源）,008428dce167bdca7b62d0733ada124804d86cc987ea4de4b334d91baee7658b
templates/hd2d_wuxia/scripts/data.lua,Lua 游戏源码,仓库手写,DSEngine Authors,Apache-2.0,（手写源）,94754a482819055989f57648518b58a7ed0c141d938abb24577f9ab0a86a92f8
templates/hd2d_wuxia/scripts/enemy.lua,Lua 游戏源码,仓库手写,DSEngine Authors,Apache-2.0,（手写源）,ca9b6f195bdc4ddfdde845e194dae4d1baaa3fe6154e07d481d530ead49bc570
templates/hd2d_wuxia/scripts/font_big.lua,字体度量 Lua（生成）,gen_font.py + apps/editor_cpp/fonts/NotoSansSC-Regular.ttf,DSEngine Authors / Noto CJK contributors,Apache-2.0 (生成输出) + SIL OFL 1.1 (字形来源),G1,29b35173ebd23c6e66fe436a9713cda57a4a0db2a7a1da19d29fc2d6873924fc
templates/hd2d_wuxia/scripts/font_small.lua,字体度量 Lua（生成）,gen_font.py + apps/editor_cpp/fonts/NotoSansSC-Regular.ttf,DSEngine Authors / Noto CJK contributors,Apache-2.0 (生成输出) + SIL OFL 1.1 (字形来源),G1,513ec56a665dc6efc88fba1e9a2e0cbc6d33f02d12df5c23d466cde3f90df622
templates/hd2d_wuxia/scripts/fx.lua,Lua 游戏源码,仓库手写,DSEngine Authors,Apache-2.0,（手写源）,7a25e5b69b34082a8c365a2d2249bbf6a720ed92567b0261eb779cc00bce1d81
templates/hd2d_wuxia/scripts/main.lua,Lua 游戏源码,仓库手写,DSEngine Authors,Apache-2.0,（手写源）,b0099b827bbcfec757f5ba71326ec536db62ea631cd85a461a4f3a3de059faba
templates/hd2d_wuxia/scripts/mapdata.lua,地图数据 Lua（生成）,gen_maps.py,DSEngine Authors,Apache-2.0,G2,57792347fceb5fdaff7578fc19dd81dc1104266a955d5361d8b009fd595a122e
templates/hd2d_wuxia/scripts/player.lua,Lua 游戏源码,仓库手写,DSEngine Authors,Apache-2.0,（手写源）,6ee52d4cd515b694b3b2e101a835c2106d5c67d32f239deb34b96a01d08b0794
templates/hd2d_wuxia/scripts/save.lua,Lua 游戏源码,仓库手写,DSEngine Authors,Apache-2.0,（手写源）,cf3ade6027572678f74923c246cf3065b552ef77e94a0bec83dc2f3e228d07c7
templates/hd2d_wuxia/scripts/ui.lua,Lua 游戏源码,仓库手写,DSEngine Authors,Apache-2.0,（手写源）,fcb90a1bf72e07d6dc0b4cbf481dcfad3ea06464b7f83413c50a85a99ef6fe6b
templates/hd2d_wuxia/scripts/world.lua,Lua 游戏源码,仓库手写,DSEngine Authors,Apache-2.0,（手写源）,44251829dcbd88084e0e15bfac46b212ab9aa6612858dfaf23886089b425fae0
templates/hd2d_wuxia/tools/_gen_maps_only.py,素材生成/验收工具源码,仓库手写,DSEngine Authors,Apache-2.0,（工具源）,38013fc648ddf0d4f0d6691709a11fdbb85f32016fd5f2f55856237548ebd9b1
templates/hd2d_wuxia/tools/gen_atlases.py,素材生成/验收工具源码,仓库手写,DSEngine Authors,Apache-2.0,（工具源）,7d4db2b6ffb35acaa68fccab5238f80d219a7d46e8d1b5dc49bcd12f6c4afbcd
templates/hd2d_wuxia/tools/gen_audio.py,素材生成/验收工具源码,仓库手写,DSEngine Authors,Apache-2.0,（工具源）,a1437ccea84fdc3210b6dbec375b4569e7bd3bea297858fc43a2192f92a3fa2d
templates/hd2d_wuxia/tools/gen_font.py,素材生成/验收工具源码,仓库手写,DSEngine Authors,Apache-2.0,（工具源）,827e0c826c1ec151a81c894ad6fb9fb0dfaf53fdf0201b48fe08aceed399f1e3
templates/hd2d_wuxia/tools/gen_lib.py,素材生成/验收工具源码,仓库手写,DSEngine Authors,Apache-2.0,（工具源）,a31d88a06255321cf8a5c3da9013451e61d8216a30d7398547ea780868f2e2bf
templates/hd2d_wuxia/tools/gen_maps.py,素材生成/验收工具源码,仓库手写,DSEngine Authors,Apache-2.0,（工具源）,b14f982a557dc09c4d4765e9dce98eb75c5b8eaf1b54dc765e904f0728e033b9
templates/hd2d_wuxia/tools/generate_assets.py,素材生成/验收工具源码,仓库手写,DSEngine Authors,Apache-2.0,（工具源）,3d71199883d9007b26ddf86f99cd902b5e08f781c28cbe4f8e6c76d4d619a607
templates/hd2d_wuxia/tools/hd2d_pixel_stats.py,素材生成/验收工具源码,仓库手写,DSEngine Authors,Apache-2.0,（工具源）,8466d68149d812c6897cf5d186c24aa0650eaf0141a09259d8effaf9e150cca3
templates/hd2d_wuxia/tools/run_hd2d_m6_acceptance.py,素材生成/验收工具源码,仓库手写,DSEngine Authors,Apache-2.0,（工具源）,e38dcc0b3d8d2b5a2ab83fe8bcfdecc375c51f005861c746285b2a961b875013